26-05-18 13:22:14.030 [background-preinit] [32mINFO [0;39m o.h.validator.internal.util.Version  [ |  | ] - HV000001: Hibernate Validator 8.0.1.Final
26-05-18 13:22:14.086 [main] [32mINFO [0;39m c.s.m.discodeit.DiscodeitApplication [ |  | ] - Starting DiscodeitApplication using Java 17.0.12 with PID 20792 (C:\codeit\10-sprint-mission\build\classes\java\main started by ckdgu in C:\codeit\10-sprint-mission)
26-05-18 13:22:14.087 [main] [32mDEBUG[0;39m c.s.m.discodeit.DiscodeitApplication [ |  | ] - Running with Spring Boot v3.4.0, Spring v6.2.0
26-05-18 13:22:14.089 [main] [32mINFO [0;39m c.s.m.discodeit.DiscodeitApplication [ |  | ] - The following 1 profile is active: "dev"
26-05-18 13:22:15.345 [main] [32mINFO [0;39m o.s.d.r.c.RepositoryConfigurationDelegate [ |  | ] - Bootstrapping Spring Data JPA repositories in DEFAULT mode.
26-05-18 13:22:15.432 [main] [32mINFO [0;39m o.s.d.r.c.RepositoryConfigurationDelegate [ |  | ] - Finished Spring Data repository scanning in 79 ms. Found 6 JPA repository interfaces.
26-05-18 13:22:16.148 [main] [32mINFO [0;39m o.s.b.w.e.tomcat.TomcatWebServer     [ |  | ] - Tomcat initialized with port 8080 (http)
26-05-18 13:22:16.163 [main] [32mINFO [0;39m o.a.coyote.http11.Http11NioProtocol  [ |  | ] - Initializing ProtocolHandler ["http-nio-8080"]
26-05-18 13:22:16.164 [main] [32mINFO [0;39m o.a.catalina.core.StandardService    [ |  | ] - Starting service [Tomcat]
26-05-18 13:22:16.165 [main] [32mINFO [0;39m o.a.catalina.core.StandardEngine     [ |  | ] - Starting Servlet engine: [Apache Tomcat/10.1.33]
26-05-18 13:22:16.246 [main] [32mINFO [0;39m o.a.c.c.C.[Tomcat].[localhost].[/]   [ |  | ] - Initializing Spring embedded WebApplicationContext
26-05-18 13:22:16.247 [main] [32mINFO [0;39m o.s.b.w.s.c.ServletWebServerApplicationContext [ |  | ] - Root WebApplicationContext: initialization completed in 2108 ms
26-05-18 13:22:16.492 [main] [32mINFO [0;39m com.zaxxer.hikari.HikariDataSource   [ |  | ] - HikariPool-1 - Starting...
26-05-18 13:22:16.685 [main] [32mINFO [0;39m com.zaxxer.hikari.pool.HikariPool    [ |  | ] - HikariPool-1 - Added connection org.postgresql.jdbc.PgConnection@1c2cdc67
26-05-18 13:22:16.692 [main] [32mINFO [0;39m com.zaxxer.hikari.HikariDataSource   [ |  | ] - HikariPool-1 - Start completed.
26-05-18 13:22:16.770 [main] [32mINFO [0;39m o.h.jpa.internal.util.LogHelper      [ |  | ] - HHH000204: Processing PersistenceUnitInfo [name: default]
26-05-18 13:22:16.837 [main] [32mINFO [0;39m org.hibernate.Version                [ |  | ] - HHH000412: Hibernate ORM core version 6.6.2.Final
26-05-18 13:22:16.883 [main] [32mINFO [0;39m o.h.c.i.RegionFactoryInitiator       [ |  | ] - HHH000026: Second-level cache disabled
26-05-18 13:22:17.291 [main] [32mINFO [0;39m o.s.o.j.p.SpringPersistenceUnitInfo  [ |  | ] - No LoadTimeWeaver setup: ignoring JPA class transformer
26-05-18 13:22:17.436 [main] [32mINFO [0;39m o.hibernate.orm.connections.pooling  [ |  | ] - HHH10001005: Database info:
	Database JDBC URL [Connecting through datasource 'HikariDataSource (HikariPool-1)']
	Database driver: undefined/unknown
	Database version: 18.2
	Autocommit mode: undefined/unknown
	Isolation level: undefined/unknown
	Minimum pool size: undefined/unknown
	Maximum pool size: undefined/unknown
26-05-18 13:22:18.570 [main] [32mINFO [0;39m o.h.e.t.j.p.i.JtaPlatformInitiator   [ |  | ] - HHH000489: No JTA platform available (set 'hibernate.transaction.jta.platform' to enable JTA platform integration)
26-05-18 13:22:18.668 [main] [32mINFO [0;39m o.s.o.j.LocalContainerEntityManagerFactoryBean [ |  | ] - Initialized JPA EntityManagerFactory for persistence unit 'default'
26-05-18 13:22:18.979 [main] [32mINFO [0;39m o.s.d.j.r.query.QueryEnhancerFactory [ |  | ] - Hibernate is in classpath; If applicable, HQL parser will be used.
26-05-18 13:22:20.045 [main] [32mTRACE[0;39m o.s.s.c.a.a.c.AuthenticationConfiguration$EnableGlobalAuthenticationAutowiredConfigurer [ |  | ] - Eagerly initializing {securityConfig=com.sprint.mission.discodeit.config.SecurityConfig$$SpringCGLIB$$0@2a4bee4e}
26-05-18 13:22:20.050 [main] [33mWARN [0;39m o.s.b.a.s.s.UserDetailsServiceAutoConfiguration [ |  | ] - 

Using generated security password: ec840661-b29d-4ac1-a64c-8047a77b860e

This generated password is for development use only. Your security configuration must be updated before running your application in production.

26-05-18 13:22:20.060 [main] [32mINFO [0;39m o.s.s.c.a.a.c.InitializeUserDetailsBeanManagerConfigurer$InitializeUserDetailsManagerConfigurer [ |  | ] - Global AuthenticationManager configured with UserDetailsService bean with name inMemoryUserDetailsManager
26-05-18 13:22:20.131 [main] [32mINFO [0;39m o.s.b.a.w.s.WelcomePageHandlerMapping [ |  | ] - Adding welcome page: class path resource [static/index.html]
26-05-18 13:22:20.460 [main] [32mINFO [0;39m o.s.b.a.e.web.EndpointLinksResolver  [ |  | ] - Exposing 4 endpoints beneath base path '/actuator'
26-05-18 13:22:20.517 [main] [32mDEBUG[0;39m o.s.s.web.DefaultSecurityFilterChain [ |  | ] - Will secure any request with filters: DisableEncodeUrlFilter, WebAsyncManagerIntegrationFilter, SecurityContextHolderFilter, HeaderWriterFilter, CsrfFilter, LogoutFilter, UsernamePasswordAuthenticationFilter, DefaultResourcesFilter, DefaultLoginPageGeneratingFilter, DefaultLogoutPageGeneratingFilter, RequestCacheAwareFilter, SecurityContextHolderAwareRequestFilter, AnonymousAuthenticationFilter, ExceptionTranslationFilter
26-05-18 13:22:20.528 [main] [33mWARN [0;39m o.s.s.c.a.web.builders.WebSecurity   [ |  | ] - 

********************************************************************
**********        Security debugging is enabled.       *************
**********    This may include sensitive information.  *************
**********      Do not use in a production system!     *************
********************************************************************


26-05-18 13:22:20.945 [main] [32mINFO [0;39m o.a.coyote.http11.Http11NioProtocol  [ |  | ] - Starting ProtocolHandler ["http-nio-8080"]
26-05-18 13:22:20.962 [main] [32mINFO [0;39m o.s.b.w.e.tomcat.TomcatWebServer     [ |  | ] - Tomcat started on port 8080 (http) with context path '/'
26-05-18 13:22:20.975 [main] [32mINFO [0;39m c.s.m.discodeit.DiscodeitApplication [ |  | ] - Started DiscodeitApplication in 7.54 seconds (process running for 8.043)
26-05-18 13:22:21.505 [RMI TCP Connection(4)-211.105.218.196] [32mINFO [0;39m o.a.c.c.C.[Tomcat].[localhost].[/]   [ |  | ] - Initializing Spring DispatcherServlet 'dispatcherServlet'
26-05-18 13:22:21.506 [RMI TCP Connection(4)-211.105.218.196] [32mINFO [0;39m o.s.web.servlet.DispatcherServlet    [ |  | ] - Initializing Servlet 'dispatcherServlet'
26-05-18 13:22:21.508 [RMI TCP Connection(4)-211.105.218.196] [32mINFO [0;39m o.s.web.servlet.DispatcherServlet    [ |  | ] - Completed initialization in 2 ms
26-05-18 13:44:07.659 [http-nio-8080-exec-1] [32mINFO [0;39m Spring Security Debugger             [ |  | ] - 

************************************************************

Request received for GET '/':

org.apache.catalina.connector.RequestFacade@172ecdda

servletPath:/
pathInfo:null
headers: 
user-agent: Mozilla/5.0 (Windows NT 10.0; Win64; x64) AppleWebKit/537.36 (KHTML, like Gecko) Chrome/90.0.4430.85 Safari/537.36 Edg/90.0.818.46
accept-encoding: gzip, deflate, gzip, deflate
accept: */*
connection: keep-alive
x-requested-with: XMLHttpRequest
content-type: application/x-www-form-urlencoded; charset=UTF-8
accept-language: en US,en;q=0.9,sv;q=0.8
host: 211.105.218.196:8080


Security filter chain: [
  DisableEncodeUrlFilter
  WebAsyncManagerIntegrationFilter
  SecurityContextHolderFilter
  HeaderWriterFilter
  CsrfFilter
  LogoutFilter
  UsernamePasswordAuthenticationFilter
  DefaultResourcesFilter
  DefaultLoginPageGeneratingFilter
  DefaultLogoutPageGeneratingFilter
  RequestCacheAwareFilter
  SecurityContextHolderAwareRequestFilter
  AnonymousAuthenticationFilter
  ExceptionTranslationFilter
]


************************************************************


26-05-18 13:44:07.661 [http-nio-8080-exec-1] [32mTRACE[0;39m o.s.security.web.FilterChainProxy    [ |  | ] - Trying to match request against DefaultSecurityFilterChain defined as 'filterChain' in [class path resource [com/sprint/mission/discodeit/config/SecurityConfig.class]] matching [any request] and having filters [DisableEncodeUrl, WebAsyncManagerIntegration, SecurityContextHolder, HeaderWriter, Csrf, Logout, UsernamePasswordAuthentication, DefaultResources, DefaultLoginPageGenerating, DefaultLogoutPageGenerating, RequestCacheAware, SecurityContextHolderAwareRequest, AnonymousAuthentication, ExceptionTranslation] (1/1)
26-05-18 13:44:07.661 [http-nio-8080-exec-1] [32mDEBUG[0;39m o.s.security.web.FilterChainProxy    [ |  | ] - Securing GET /
26-05-18 13:44:07.662 [http-nio-8080-exec-1] [32mTRACE[0;39m o.s.security.web.FilterChainProxy    [ |  | ] - Invoking DisableEncodeUrlFilter (1/14)
26-05-18 13:44:07.666 [http-nio-8080-exec-1] [32mTRACE[0;39m o.s.security.web.FilterChainProxy    [ |  | ] - Invoking WebAsyncManagerIntegrationFilter (2/14)
26-05-18 13:44:07.668 [http-nio-8080-exec-1] [32mTRACE[0;39m o.s.security.web.FilterChainProxy    [ |  | ] - Invoking SecurityContextHolderFilter (3/14)
26-05-18 13:44:07.669 [http-nio-8080-exec-1] [32mTRACE[0;39m o.s.security.web.FilterChainProxy    [ |  | ] - Invoking HeaderWriterFilter (4/14)
26-05-18 13:44:07.670 [http-nio-8080-exec-1] [32mTRACE[0;39m o.s.security.web.FilterChainProxy    [ |  | ] - Invoking CsrfFilter (5/14)
26-05-18 13:44:07.674 [http-nio-8080-exec-1] [32mTRACE[0;39m o.s.security.web.csrf.CsrfFilter     [ |  | ] - Did not protect against CSRF since request did not match CsrfNotRequired [TRACE, HEAD, GET, OPTIONS]
26-05-18 13:44:07.674 [http-nio-8080-exec-1] [32mTRACE[0;39m o.s.security.web.FilterChainProxy    [ |  | ] - Invoking LogoutFilter (6/14)
26-05-18 13:44:07.675 [http-nio-8080-exec-1] [32mTRACE[0;39m o.s.s.w.a.logout.LogoutFilter        [ |  | ] - Did not match request to Ant [pattern='/logout', POST]
26-05-18 13:44:07.675 [http-nio-8080-exec-1] [32mTRACE[0;39m o.s.security.web.FilterChainProxy    [ |  | ] - Invoking UsernamePasswordAuthenticationFilter (7/14)
26-05-18 13:44:07.675 [http-nio-8080-exec-1] [32mTRACE[0;39m o.s.s.w.a.UsernamePasswordAuthenticationFilter [ |  | ] - Did not match request to Ant [pattern='/login', POST]
26-05-18 13:44:07.675 [http-nio-8080-exec-1] [32mTRACE[0;39m o.s.security.web.FilterChainProxy    [ |  | ] - Invoking DefaultResourcesFilter (8/14)
26-05-18 13:44:07.675 [http-nio-8080-exec-1] [32mTRACE[0;39m o.s.security.web.FilterChainProxy    [ |  | ] - Invoking DefaultLoginPageGeneratingFilter (9/14)
26-05-18 13:44:07.675 [http-nio-8080-exec-1] [32mTRACE[0;39m o.s.security.web.FilterChainProxy    [ |  | ] - Invoking DefaultLogoutPageGeneratingFilter (10/14)
26-05-18 13:44:07.675 [http-nio-8080-exec-1] [32mTRACE[0;39m o.s.s.w.a.u.DefaultLogoutPageGeneratingFilter [ |  | ] - Did not render default logout page since request did not match [Ant [pattern='/logout', GET]]
26-05-18 13:44:07.675 [http-nio-8080-exec-1] [32mTRACE[0;39m o.s.security.web.FilterChainProxy    [ |  | ] - Invoking RequestCacheAwareFilter (11/14)
26-05-18 13:44:07.675 [http-nio-8080-exec-1] [32mTRACE[0;39m o.s.s.w.s.HttpSessionRequestCache    [ |  | ] - matchingRequestParameterName is required for getMatchingRequest to lookup a value, but not provided
26-05-18 13:44:07.675 [http-nio-8080-exec-1] [32mTRACE[0;39m o.s.security.web.FilterChainProxy    [ |  | ] - Invoking SecurityContextHolderAwareRequestFilter (12/14)
26-05-18 13:44:07.677 [http-nio-8080-exec-1] [32mTRACE[0;39m o.s.security.web.FilterChainProxy    [ |  | ] - Invoking AnonymousAuthenticationFilter (13/14)
26-05-18 13:44:07.677 [http-nio-8080-exec-1] [32mTRACE[0;39m o.s.security.web.FilterChainProxy    [ |  | ] - Invoking ExceptionTranslationFilter (14/14)
26-05-18 13:44:07.679 [http-nio-8080-exec-1] [32mDEBUG[0;39m o.s.security.web.FilterChainProxy    [ |  | ] - Secured GET /
26-05-18 13:44:07.683 [http-nio-8080-exec-1] [32mDEBUG[0;39m c.s.m.d.config.MDCLoggingInterceptor [c6aa44d0309d4b0586a3ca41a6cc3d08 | GET | /] - Request started
26-05-18 13:44:07.695 [http-nio-8080-exec-1] [32mINFO [0;39m Spring Security Debugger             [c6aa44d0309d4b0586a3ca41a6cc3d08 | GET | /] - 

************************************************************

Request received for GET '/index.html':

SecurityContextHolderAwareRequestWrapper[ org.springframework.security.web.header.HeaderWriterFilter$HeaderWriterRequest@432f3d3c]

servletPath:/index.html
pathInfo:null
headers: 
user-agent: Mozilla/5.0 (Windows NT 10.0; Win64; x64) AppleWebKit/537.36 (KHTML, like Gecko) Chrome/90.0.4430.85 Safari/537.36 Edg/90.0.818.46
accept-encoding: gzip, deflate, gzip, deflate
accept: */*
connection: keep-alive
x-requested-with: XMLHttpRequest
content-type: application/x-www-form-urlencoded; charset=UTF-8
accept-language: en US,en;q=0.9,sv;q=0.8
host: 211.105.218.196:8080


Security filter chain: [
  DisableEncodeUrlFilter
  WebAsyncManagerIntegrationFilter
  SecurityContextHolderFilter
  HeaderWriterFilter
  CsrfFilter
  LogoutFilter
  UsernamePasswordAuthenticationFilter
  DefaultResourcesFilter
  DefaultLoginPageGeneratingFilter
  DefaultLogoutPageGeneratingFilter
  RequestCacheAwareFilter
  SecurityContextHolderAwareRequestFilter
  AnonymousAuthenticationFilter
  ExceptionTranslationFilter
]


************************************************************


26-05-18 13:44:07.695 [http-nio-8080-exec-1] [32mTRACE[0;39m o.s.security.web.FilterChainProxy    [c6aa44d0309d4b0586a3ca41a6cc3d08 | GET | /] - Trying to match request against DefaultSecurityFilterChain defined as 'filterChain' in [class path resource [com/sprint/mission/discodeit/config/SecurityConfig.class]] matching [any request] and having filters [DisableEncodeUrl, WebAsyncManagerIntegration, SecurityContextHolder, HeaderWriter, Csrf, Logout, UsernamePasswordAuthentication, DefaultResources, DefaultLoginPageGenerating, DefaultLogoutPageGenerating, RequestCacheAware, SecurityContextHolderAwareRequest, AnonymousAuthentication, ExceptionTranslation] (1/1)
26-05-18 13:44:07.695 [http-nio-8080-exec-1] [32mDEBUG[0;39m o.s.security.web.FilterChainProxy    [c6aa44d0309d4b0586a3ca41a6cc3d08 | GET | /] - Securing GET /index.html
26-05-18 13:44:07.695 [http-nio-8080-exec-1] [32mTRACE[0;39m o.s.security.web.FilterChainProxy    [c6aa44d0309d4b0586a3ca41a6cc3d08 | GET | /] - Invoking DisableEncodeUrlFilter (1/14)
26-05-18 13:44:07.695 [http-nio-8080-exec-1] [32mTRACE[0;39m o.s.security.web.FilterChainProxy    [c6aa44d0309d4b0586a3ca41a6cc3d08 | GET | /] - Invoking WebAsyncManagerIntegrationFilter (2/14)
26-05-18 13:44:07.695 [http-nio-8080-exec-1] [32mTRACE[0;39m o.s.security.web.FilterChainProxy    [c6aa44d0309d4b0586a3ca41a6cc3d08 | GET | /] - Invoking SecurityContextHolderFilter (3/14)
26-05-18 13:44:07.696 [http-nio-8080-exec-1] [32mTRACE[0;39m o.s.security.web.FilterChainProxy    [c6aa44d0309d4b0586a3ca41a6cc3d08 | GET | /] - Invoking HeaderWriterFilter (4/14)
26-05-18 13:44:07.696 [http-nio-8080-exec-1] [32mTRACE[0;39m o.s.security.web.FilterChainProxy    [c6aa44d0309d4b0586a3ca41a6cc3d08 | GET | /] - Invoking CsrfFilter (5/14)
26-05-18 13:44:07.696 [http-nio-8080-exec-1] [32mTRACE[0;39m o.s.security.web.FilterChainProxy    [c6aa44d0309d4b0586a3ca41a6cc3d08 | GET | /] - Invoking LogoutFilter (6/14)
26-05-18 13:44:07.696 [http-nio-8080-exec-1] [32mTRACE[0;39m o.s.s.w.a.logout.LogoutFilter        [c6aa44d0309d4b0586a3ca41a6cc3d08 | GET | /] - Did not match request to Ant [pattern='/logout', POST]
26-05-18 13:44:07.696 [http-nio-8080-exec-1] [32mTRACE[0;39m o.s.security.web.FilterChainProxy    [c6aa44d0309d4b0586a3ca41a6cc3d08 | GET | /] - Invoking UsernamePasswordAuthenticationFilter (7/14)
26-05-18 13:44:07.696 [http-nio-8080-exec-1] [32mTRACE[0;39m o.s.s.w.a.UsernamePasswordAuthenticationFilter [c6aa44d0309d4b0586a3ca41a6cc3d08 | GET | /] - Did not match request to Ant [pattern='/login', POST]
26-05-18 13:44:07.696 [http-nio-8080-exec-1] [32mTRACE[0;39m o.s.security.web.FilterChainProxy    [c6aa44d0309d4b0586a3ca41a6cc3d08 | GET | /] - Invoking DefaultResourcesFilter (8/14)
26-05-18 13:44:07.696 [http-nio-8080-exec-1] [32mTRACE[0;39m o.s.security.web.FilterChainProxy    [c6aa44d0309d4b0586a3ca41a6cc3d08 | GET | /] - Invoking DefaultLoginPageGeneratingFilter (9/14)
26-05-18 13:44:07.696 [http-nio-8080-exec-1] [32mTRACE[0;39m o.s.security.web.FilterChainProxy    [c6aa44d0309d4b0586a3ca41a6cc3d08 | GET | /] - Invoking DefaultLogoutPageGeneratingFilter (10/14)
26-05-18 13:44:07.696 [http-nio-8080-exec-1] [32mTRACE[0;39m o.s.security.web.FilterChainProxy    [c6aa44d0309d4b0586a3ca41a6cc3d08 | GET | /] - Invoking RequestCacheAwareFilter (11/14)
26-05-18 13:44:07.696 [http-nio-8080-exec-1] [32mTRACE[0;39m o.s.s.w.s.HttpSessionRequestCache    [c6aa44d0309d4b0586a3ca41a6cc3d08 | GET | /] - matchingRequestParameterName is required for getMatchingRequest to lookup a value, but not provided
26-05-18 13:44:07.696 [http-nio-8080-exec-1] [32mTRACE[0;39m o.s.security.web.FilterChainProxy    [c6aa44d0309d4b0586a3ca41a6cc3d08 | GET | /] - Invoking SecurityContextHolderAwareRequestFilter (12/14)
26-05-18 13:44:07.696 [http-nio-8080-exec-1] [32mTRACE[0;39m o.s.security.web.FilterChainProxy    [c6aa44d0309d4b0586a3ca41a6cc3d08 | GET | /] - Invoking AnonymousAuthenticationFilter (13/14)
26-05-18 13:44:07.697 [http-nio-8080-exec-1] [32mTRACE[0;39m o.s.security.web.FilterChainProxy    [c6aa44d0309d4b0586a3ca41a6cc3d08 | GET | /] - Invoking ExceptionTranslationFilter (14/14)
26-05-18 13:44:07.697 [http-nio-8080-exec-1] [32mDEBUG[0;39m o.s.security.web.FilterChainProxy    [c6aa44d0309d4b0586a3ca41a6cc3d08 | GET | /] - Secured GET /index.html
26-05-18 13:44:07.698 [http-nio-8080-exec-1] [32mDEBUG[0;39m c.s.m.d.config.MDCLoggingInterceptor [9cfc9705a9d64db78c40808a0377803c | GET | /index.html] - Request started
26-05-18 13:44:07.705 [http-nio-8080-exec-1] [32mTRACE[0;39m o.s.s.w.h.writers.HstsHeaderWriter   [9cfc9705a9d64db78c40808a0377803c | GET | /index.html] - Not injecting HSTS header since it did not match request to [Is Secure]
26-05-18 13:44:07.706 [http-nio-8080-exec-1] [32mDEBUG[0;39m c.s.m.d.config.MDCLoggingInterceptor [9cfc9705a9d64db78c40808a0377803c | GET | /index.html] - Request completed
26-05-18 13:44:07.707 [http-nio-8080-exec-1] [32mTRACE[0;39m o.s.s.w.c.HttpSessionSecurityContextRepository [ |  | ] - No HttpSession currently exists
26-05-18 13:44:07.707 [http-nio-8080-exec-1] [32mTRACE[0;39m o.s.s.w.c.SupplierDeferredSecurityContext [ |  | ] - Created SecurityContextImpl [Null authentication]
26-05-18 13:44:07.707 [http-nio-8080-exec-1] [32mTRACE[0;39m o.s.s.w.c.SupplierDeferredSecurityContext [ |  | ] - Created SecurityContextImpl [Null authentication]
26-05-18 13:44:07.707 [http-nio-8080-exec-1] [32mTRACE[0;39m o.s.s.w.a.AnonymousAuthenticationFilter [ |  | ] - Set SecurityContextHolder to AnonymousAuthenticationToken [Principal=anonymousUser, Credentials=[PROTECTED], Authenticated=true, Details=WebAuthenticationDetails [RemoteIpAddress=204.76.203.212, SessionId=null], Granted Authorities=[ROLE_ANONYMOUS]]
26-05-18 13:44:07.708 [http-nio-8080-exec-1] [32mTRACE[0;39m o.s.s.w.a.AnonymousAuthenticationFilter [ |  | ] - Did not set SecurityContextHolder since already authenticated AnonymousAuthenticationToken [Principal=anonymousUser, Credentials=[PROTECTED], Authenticated=true, Details=WebAuthenticationDetails [RemoteIpAddress=204.76.203.212, SessionId=null], Granted Authorities=[ROLE_ANONYMOUS]]
26-05-18 13:44:07.709 [http-nio-8080-exec-1] [32mDEBUG[0;39m c.s.m.d.config.MDCLoggingInterceptor [ |  | ] - Request completed
26-05-18 14:06:08.830 [http-nio-8080-exec-4] [32mINFO [0;39m Spring Security Debugger             [ |  | ] - 

************************************************************

Request received for GET '/':

org.apache.catalina.connector.RequestFacade@57fddfbf

servletPath:/
pathInfo:null
headers: 
host: 211.105.218.196:8080
user-agent: Mozilla/5.0 (Windows NT 10.0; Win64; x64) AppleWebKit/537.36 (KHTML, like Gecko) Chrome/110.0.0.0 Safari/537.36
accept: */*
accept-encoding: gzip


Security filter chain: [
  DisableEncodeUrlFilter
  WebAsyncManagerIntegrationFilter
  SecurityContextHolderFilter
  HeaderWriterFilter
  CsrfFilter
  LogoutFilter
  UsernamePasswordAuthenticationFilter
  DefaultResourcesFilter
  DefaultLoginPageGeneratingFilter
  DefaultLogoutPageGeneratingFilter
  RequestCacheAwareFilter
  SecurityContextHolderAwareRequestFilter
  AnonymousAuthenticationFilter
  ExceptionTranslationFilter
]


************************************************************


26-05-18 14:06:08.830 [http-nio-8080-exec-4] [32mTRACE[0;39m o.s.security.web.FilterChainProxy    [ |  | ] - Trying to match request against DefaultSecurityFilterChain defined as 'filterChain' in [class path resource [com/sprint/mission/discodeit/config/SecurityConfig.class]] matching [any request] and having filters [DisableEncodeUrl, WebAsyncManagerIntegration, SecurityContextHolder, HeaderWriter, Csrf, Logout, UsernamePasswordAuthentication, DefaultResources, DefaultLoginPageGenerating, DefaultLogoutPageGenerating, RequestCacheAware, SecurityContextHolderAwareRequest, AnonymousAuthentication, ExceptionTranslation] (1/1)
26-05-18 14:06:08.830 [http-nio-8080-exec-4] [32mDEBUG[0;39m o.s.security.web.FilterChainProxy    [ |  | ] - Securing GET /
26-05-18 14:06:08.830 [http-nio-8080-exec-4] [32mTRACE[0;39m o.s.security.web.FilterChainProxy    [ |  | ] - Invoking DisableEncodeUrlFilter (1/14)
26-05-18 14:06:08.830 [http-nio-8080-exec-4] [32mTRACE[0;39m o.s.security.web.FilterChainProxy    [ |  | ] - Invoking WebAsyncManagerIntegrationFilter (2/14)
26-05-18 14:06:08.831 [http-nio-8080-exec-4] [32mTRACE[0;39m o.s.security.web.FilterChainProxy    [ |  | ] - Invoking SecurityContextHolderFilter (3/14)
26-05-18 14:06:08.831 [http-nio-8080-exec-4] [32mTRACE[0;39m o.s.security.web.FilterChainProxy    [ |  | ] - Invoking HeaderWriterFilter (4/14)
26-05-18 14:06:08.831 [http-nio-8080-exec-4] [32mTRACE[0;39m o.s.security.web.FilterChainProxy    [ |  | ] - Invoking CsrfFilter (5/14)
26-05-18 14:06:08.831 [http-nio-8080-exec-4] [32mTRACE[0;39m o.s.security.web.csrf.CsrfFilter     [ |  | ] - Did not protect against CSRF since request did not match CsrfNotRequired [TRACE, HEAD, GET, OPTIONS]
26-05-18 14:06:08.831 [http-nio-8080-exec-4] [32mTRACE[0;39m o.s.security.web.FilterChainProxy    [ |  | ] - Invoking LogoutFilter (6/14)
26-05-18 14:06:08.831 [http-nio-8080-exec-4] [32mTRACE[0;39m o.s.s.w.a.logout.LogoutFilter        [ |  | ] - Did not match request to Ant [pattern='/logout', POST]
26-05-18 14:06:08.831 [http-nio-8080-exec-4] [32mTRACE[0;39m o.s.security.web.FilterChainProxy    [ |  | ] - Invoking UsernamePasswordAuthenticationFilter (7/14)
26-05-18 14:06:08.831 [http-nio-8080-exec-4] [32mTRACE[0;39m o.s.s.w.a.UsernamePasswordAuthenticationFilter [ |  | ] - Did not match request to Ant [pattern='/login', POST]
26-05-18 14:06:08.831 [http-nio-8080-exec-4] [32mTRACE[0;39m o.s.security.web.FilterChainProxy    [ |  | ] - Invoking DefaultResourcesFilter (8/14)
26-05-18 14:06:08.831 [http-nio-8080-exec-4] [32mTRACE[0;39m o.s.security.web.FilterChainProxy    [ |  | ] - Invoking DefaultLoginPageGeneratingFilter (9/14)
26-05-18 14:06:08.831 [http-nio-8080-exec-4] [32mTRACE[0;39m o.s.security.web.FilterChainProxy    [ |  | ] - Invoking DefaultLogoutPageGeneratingFilter (10/14)
26-05-18 14:06:08.831 [http-nio-8080-exec-4] [32mTRACE[0;39m o.s.s.w.a.u.DefaultLogoutPageGeneratingFilter [ |  | ] - Did not render default logout page since request did not match [Ant [pattern='/logout', GET]]
26-05-18 14:06:08.831 [http-nio-8080-exec-4] [32mTRACE[0;39m o.s.security.web.FilterChainProxy    [ |  | ] - Invoking RequestCacheAwareFilter (11/14)
26-05-18 14:06:08.832 [http-nio-8080-exec-4] [32mTRACE[0;39m o.s.s.w.s.HttpSessionRequestCache    [ |  | ] - matchingRequestParameterName is required for getMatchingRequest to lookup a value, but not provided
26-05-18 14:06:08.832 [http-nio-8080-exec-4] [32mTRACE[0;39m o.s.security.web.FilterChainProxy    [ |  | ] - Invoking SecurityContextHolderAwareRequestFilter (12/14)
26-05-18 14:06:08.832 [http-nio-8080-exec-4] [32mTRACE[0;39m o.s.security.web.FilterChainProxy    [ |  | ] - Invoking AnonymousAuthenticationFilter (13/14)
26-05-18 14:06:08.832 [http-nio-8080-exec-4] [32mTRACE[0;39m o.s.security.web.FilterChainProxy    [ |  | ] - Invoking ExceptionTranslationFilter (14/14)
26-05-18 14:06:08.832 [http-nio-8080-exec-4] [32mDEBUG[0;39m o.s.security.web.FilterChainProxy    [ |  | ] - Secured GET /
26-05-18 14:06:08.832 [http-nio-8080-exec-4] [32mDEBUG[0;39m c.s.m.d.config.MDCLoggingInterceptor [e2f805a1b9db4690a6e26f58da62216d | GET | /] - Request started
26-05-18 14:06:08.834 [http-nio-8080-exec-4] [32mINFO [0;39m Spring Security Debugger             [e2f805a1b9db4690a6e26f58da62216d | GET | /] - 

************************************************************

Request received for GET '/index.html':

SecurityContextHolderAwareRequestWrapper[ org.springframework.security.web.header.HeaderWriterFilter$HeaderWriterRequest@53c25198]

servletPath:/index.html
pathInfo:null
headers: 
host: 211.105.218.196:8080
user-agent: Mozilla/5.0 (Windows NT 10.0; Win64; x64) AppleWebKit/537.36 (KHTML, like Gecko) Chrome/110.0.0.0 Safari/537.36
accept: */*
accept-encoding: gzip


Security filter chain: [
  DisableEncodeUrlFilter
  WebAsyncManagerIntegrationFilter
  SecurityContextHolderFilter
  HeaderWriterFilter
  CsrfFilter
  LogoutFilter
  UsernamePasswordAuthenticationFilter
  DefaultResourcesFilter
  DefaultLoginPageGeneratingFilter
  DefaultLogoutPageGeneratingFilter
  RequestCacheAwareFilter
  SecurityContextHolderAwareRequestFilter
  AnonymousAuthenticationFilter
  ExceptionTranslationFilter
]


************************************************************


26-05-18 14:06:08.835 [http-nio-8080-exec-4] [32mTRACE[0;39m o.s.security.web.FilterChainProxy    [e2f805a1b9db4690a6e26f58da62216d | GET | /] - Trying to match request against DefaultSecurityFilterChain defined as 'filterChain' in [class path resource [com/sprint/mission/discodeit/config/SecurityConfig.class]] matching [any request] and having filters [DisableEncodeUrl, WebAsyncManagerIntegration, SecurityContextHolder, HeaderWriter, Csrf, Logout, UsernamePasswordAuthentication, DefaultResources, DefaultLoginPageGenerating, DefaultLogoutPageGenerating, RequestCacheAware, SecurityContextHolderAwareRequest, AnonymousAuthentication, ExceptionTranslation] (1/1)
26-05-18 14:06:08.835 [http-nio-8080-exec-4] [32mDEBUG[0;39m o.s.security.web.FilterChainProxy    [e2f805a1b9db4690a6e26f58da62216d | GET | /] - Securing GET /index.html
26-05-18 14:06:08.835 [http-nio-8080-exec-4] [32mTRACE[0;39m o.s.security.web.FilterChainProxy    [e2f805a1b9db4690a6e26f58da62216d | GET | /] - Invoking DisableEncodeUrlFilter (1/14)
26-05-18 14:06:08.835 [http-nio-8080-exec-4] [32mTRACE[0;39m o.s.security.web.FilterChainProxy    [e2f805a1b9db4690a6e26f58da62216d | GET | /] - Invoking WebAsyncManagerIntegrationFilter (2/14)
26-05-18 14:06:08.835 [http-nio-8080-exec-4] [32mTRACE[0;39m o.s.security.web.FilterChainProxy    [e2f805a1b9db4690a6e26f58da62216d | GET | /] - Invoking SecurityContextHolderFilter (3/14)
26-05-18 14:06:08.835 [http-nio-8080-exec-4] [32mTRACE[0;39m o.s.security.web.FilterChainProxy    [e2f805a1b9db4690a6e26f58da62216d | GET | /] - Invoking HeaderWriterFilter (4/14)
26-05-18 14:06:08.835 [http-nio-8080-exec-4] [32mTRACE[0;39m o.s.security.web.FilterChainProxy    [e2f805a1b9db4690a6e26f58da62216d | GET | /] - Invoking CsrfFilter (5/14)
26-05-18 14:06:08.836 [http-nio-8080-exec-4] [32mTRACE[0;39m o.s.security.web.FilterChainProxy    [e2f805a1b9db4690a6e26f58da62216d | GET | /] - Invoking LogoutFilter (6/14)
26-05-18 14:06:08.836 [http-nio-8080-exec-4] [32mTRACE[0;39m o.s.s.w.a.logout.LogoutFilter        [e2f805a1b9db4690a6e26f58da62216d | GET | /] - Did not match request to Ant [pattern='/logout', POST]
26-05-18 14:06:08.836 [http-nio-8080-exec-4] [32mTRACE[0;39m o.s.security.web.FilterChainProxy    [e2f805a1b9db4690a6e26f58da62216d | GET | /] - Invoking UsernamePasswordAuthenticationFilter (7/14)
26-05-18 14:06:08.836 [http-nio-8080-exec-4] [32mTRACE[0;39m o.s.s.w.a.UsernamePasswordAuthenticationFilter [e2f805a1b9db4690a6e26f58da62216d | GET | /] - Did not match request to Ant [pattern='/login', POST]
26-05-18 14:06:08.836 [http-nio-8080-exec-4] [32mTRACE[0;39m o.s.security.web.FilterChainProxy    [e2f805a1b9db4690a6e26f58da62216d | GET | /] - Invoking DefaultResourcesFilter (8/14)
26-05-18 14:06:08.836 [http-nio-8080-exec-4] [32mTRACE[0;39m o.s.security.web.FilterChainProxy    [e2f805a1b9db4690a6e26f58da62216d | GET | /] - Invoking DefaultLoginPageGeneratingFilter (9/14)
26-05-18 14:06:08.845 [http-nio-8080-exec-4] [32mTRACE[0;39m o.s.security.web.FilterChainProxy    [e2f805a1b9db4690a6e26f58da62216d | GET | /] - Invoking DefaultLogoutPageGeneratingFilter (10/14)
26-05-18 14:06:08.845 [http-nio-8080-exec-4] [32mTRACE[0;39m o.s.security.web.FilterChainProxy    [e2f805a1b9db4690a6e26f58da62216d | GET | /] - Invoking RequestCacheAwareFilter (11/14)
26-05-18 14:06:08.845 [http-nio-8080-exec-4] [32mTRACE[0;39m o.s.s.w.s.HttpSessionRequestCache    [e2f805a1b9db4690a6e26f58da62216d | GET | /] - matchingRequestParameterName is required for getMatchingRequest to lookup a value, but not provided
26-05-18 14:06:08.845 [http-nio-8080-exec-4] [32mTRACE[0;39m o.s.security.web.FilterChainProxy    [e2f805a1b9db4690a6e26f58da62216d | GET | /] - Invoking SecurityContextHolderAwareRequestFilter (12/14)
26-05-18 14:06:08.845 [http-nio-8080-exec-4] [32mTRACE[0;39m o.s.security.web.FilterChainProxy    [e2f805a1b9db4690a6e26f58da62216d | GET | /] - Invoking AnonymousAuthenticationFilter (13/14)
26-05-18 14:06:08.845 [http-nio-8080-exec-4] [32mTRACE[0;39m o.s.security.web.FilterChainProxy    [e2f805a1b9db4690a6e26f58da62216d | GET | /] - Invoking ExceptionTranslationFilter (14/14)
26-05-18 14:06:08.846 [http-nio-8080-exec-4] [32mDEBUG[0;39m o.s.security.web.FilterChainProxy    [e2f805a1b9db4690a6e26f58da62216d | GET | /] - Secured GET /index.html
26-05-18 14:06:08.848 [http-nio-8080-exec-4] [32mDEBUG[0;39m c.s.m.d.config.MDCLoggingInterceptor [cbceb4c570ec4cee8810106bd0aa18ea | GET | /index.html] - Request started
26-05-18 14:06:08.851 [http-nio-8080-exec-4] [32mTRACE[0;39m o.s.s.w.h.writers.HstsHeaderWriter   [cbceb4c570ec4cee8810106bd0aa18ea | GET | /index.html] - Not injecting HSTS header since it did not match request to [Is Secure]
26-05-18 14:06:08.852 [http-nio-8080-exec-4] [32mDEBUG[0;39m c.s.m.d.config.MDCLoggingInterceptor [cbceb4c570ec4cee8810106bd0aa18ea | GET | /index.html] - Request completed
26-05-18 14:06:08.852 [http-nio-8080-exec-4] [32mTRACE[0;39m o.s.s.w.c.HttpSessionSecurityContextRepository [ |  | ] - No HttpSession currently exists
26-05-18 14:06:08.852 [http-nio-8080-exec-4] [32mTRACE[0;39m o.s.s.w.c.SupplierDeferredSecurityContext [ |  | ] - Created SecurityContextImpl [Null authentication]
26-05-18 14:06:08.852 [http-nio-8080-exec-4] [32mTRACE[0;39m o.s.s.w.c.SupplierDeferredSecurityContext [ |  | ] - Created SecurityContextImpl [Null authentication]
26-05-18 14:06:08.852 [http-nio-8080-exec-4] [32mTRACE[0;39m o.s.s.w.a.AnonymousAuthenticationFilter [ |  | ] - Set SecurityContextHolder to AnonymousAuthenticationToken [Principal=anonymousUser, Credentials=[PROTECTED], Authenticated=true, Details=WebAuthenticationDetails [RemoteIpAddress=216.218.206.68, SessionId=null], Granted Authorities=[ROLE_ANONYMOUS]]
26-05-18 14:06:08.853 [http-nio-8080-exec-4] [32mTRACE[0;39m o.s.s.w.a.AnonymousAuthenticationFilter [ |  | ] - Did not set SecurityContextHolder since already authenticated AnonymousAuthenticationToken [Principal=anonymousUser, Credentials=[PROTECTED], Authenticated=true, Details=WebAuthenticationDetails [RemoteIpAddress=216.218.206.68, SessionId=null], Granted Authorities=[ROLE_ANONYMOUS]]
26-05-18 14:06:08.854 [http-nio-8080-exec-4] [32mDEBUG[0;39m c.s.m.d.config.MDCLoggingInterceptor [ |  | ] - Request completed
26-05-18 14:07:55.178 [http-nio-8080-exec-5] [32mINFO [0;39m Spring Security Debugger             [ |  | ] - 

************************************************************

Request received for GET '/favicon.ico':

org.apache.catalina.connector.RequestFacade@22ef761d

servletPath:/favicon.ico
pathInfo:null
headers: 
host: 211.105.218.196:8080
user-agent: Mozilla/5.0 (X11; CrOS x86_64 14541.0.0) AppleWebKit/537.36 (KHTML, like Gecko) Chrome/123.0.0.0 Safari/537.36
accept: */*
accept-encoding: gzip


Security filter chain: [
  DisableEncodeUrlFilter
  WebAsyncManagerIntegrationFilter
  SecurityContextHolderFilter
  HeaderWriterFilter
  CsrfFilter
  LogoutFilter
  UsernamePasswordAuthenticationFilter
  DefaultResourcesFilter
  DefaultLoginPageGeneratingFilter
  DefaultLogoutPageGeneratingFilter
  RequestCacheAwareFilter
  SecurityContextHolderAwareRequestFilter
  AnonymousAuthenticationFilter
  ExceptionTranslationFilter
]


************************************************************


26-05-18 14:07:55.179 [http-nio-8080-exec-5] [32mTRACE[0;39m o.s.security.web.FilterChainProxy    [ |  | ] - Trying to match request against DefaultSecurityFilterChain defined as 'filterChain' in [class path resource [com/sprint/mission/discodeit/config/SecurityConfig.class]] matching [any request] and having filters [DisableEncodeUrl, WebAsyncManagerIntegration, SecurityContextHolder, HeaderWriter, Csrf, Logout, UsernamePasswordAuthentication, DefaultResources, DefaultLoginPageGenerating, DefaultLogoutPageGenerating, RequestCacheAware, SecurityContextHolderAwareRequest, AnonymousAuthentication, ExceptionTranslation] (1/1)
26-05-18 14:07:55.179 [http-nio-8080-exec-5] [32mDEBUG[0;39m o.s.security.web.FilterChainProxy    [ |  | ] - Securing GET /favicon.ico
26-05-18 14:07:55.179 [http-nio-8080-exec-5] [32mTRACE[0;39m o.s.security.web.FilterChainProxy    [ |  | ] - Invoking DisableEncodeUrlFilter (1/14)
26-05-18 14:07:55.179 [http-nio-8080-exec-5] [32mTRACE[0;39m o.s.security.web.FilterChainProxy    [ |  | ] - Invoking WebAsyncManagerIntegrationFilter (2/14)
26-05-18 14:07:55.179 [http-nio-8080-exec-5] [32mTRACE[0;39m o.s.security.web.FilterChainProxy    [ |  | ] - Invoking SecurityContextHolderFilter (3/14)
26-05-18 14:07:55.179 [http-nio-8080-exec-5] [32mTRACE[0;39m o.s.security.web.FilterChainProxy    [ |  | ] - Invoking HeaderWriterFilter (4/14)
26-05-18 14:07:55.179 [http-nio-8080-exec-5] [32mTRACE[0;39m o.s.security.web.FilterChainProxy    [ |  | ] - Invoking CsrfFilter (5/14)
26-05-18 14:07:55.181 [http-nio-8080-exec-5] [32mTRACE[0;39m o.s.security.web.csrf.CsrfFilter     [ |  | ] - Did not protect against CSRF since request did not match CsrfNotRequired [TRACE, HEAD, GET, OPTIONS]
26-05-18 14:07:55.181 [http-nio-8080-exec-5] [32mTRACE[0;39m o.s.security.web.FilterChainProxy    [ |  | ] - Invoking LogoutFilter (6/14)
26-05-18 14:07:55.181 [http-nio-8080-exec-5] [32mTRACE[0;39m o.s.s.w.a.logout.LogoutFilter        [ |  | ] - Did not match request to Ant [pattern='/logout', POST]
26-05-18 14:07:55.181 [http-nio-8080-exec-5] [32mTRACE[0;39m o.s.security.web.FilterChainProxy    [ |  | ] - Invoking UsernamePasswordAuthenticationFilter (7/14)
26-05-18 14:07:55.181 [http-nio-8080-exec-5] [32mTRACE[0;39m o.s.s.w.a.UsernamePasswordAuthenticationFilter [ |  | ] - Did not match request to Ant [pattern='/login', POST]
26-05-18 14:07:55.182 [http-nio-8080-exec-5] [32mTRACE[0;39m o.s.security.web.FilterChainProxy    [ |  | ] - Invoking DefaultResourcesFilter (8/14)
26-05-18 14:07:55.182 [http-nio-8080-exec-5] [32mTRACE[0;39m o.s.security.web.FilterChainProxy    [ |  | ] - Invoking DefaultLoginPageGeneratingFilter (9/14)
26-05-18 14:07:55.182 [http-nio-8080-exec-5] [32mTRACE[0;39m o.s.security.web.FilterChainProxy    [ |  | ] - Invoking DefaultLogoutPageGeneratingFilter (10/14)
26-05-18 14:07:55.182 [http-nio-8080-exec-5] [32mTRACE[0;39m o.s.s.w.a.u.DefaultLogoutPageGeneratingFilter [ |  | ] - Did not render default logout page since request did not match [Ant [pattern='/logout', GET]]
26-05-18 14:07:55.182 [http-nio-8080-exec-5] [32mTRACE[0;39m o.s.security.web.FilterChainProxy    [ |  | ] - Invoking RequestCacheAwareFilter (11/14)
26-05-18 14:07:55.182 [http-nio-8080-exec-5] [32mTRACE[0;39m o.s.s.w.s.HttpSessionRequestCache    [ |  | ] - matchingRequestParameterName is required for getMatchingRequest to lookup a value, but not provided
26-05-18 14:07:55.182 [http-nio-8080-exec-5] [32mTRACE[0;39m o.s.security.web.FilterChainProxy    [ |  | ] - Invoking SecurityContextHolderAwareRequestFilter (12/14)
26-05-18 14:07:55.183 [http-nio-8080-exec-5] [32mTRACE[0;39m o.s.security.web.FilterChainProxy    [ |  | ] - Invoking AnonymousAuthenticationFilter (13/14)
26-05-18 14:07:55.183 [http-nio-8080-exec-5] [32mTRACE[0;39m o.s.security.web.FilterChainProxy    [ |  | ] - Invoking ExceptionTranslationFilter (14/14)
26-05-18 14:07:55.183 [http-nio-8080-exec-5] [32mDEBUG[0;39m o.s.security.web.FilterChainProxy    [ |  | ] - Secured GET /favicon.ico
26-05-18 14:07:55.184 [http-nio-8080-exec-5] [32mDEBUG[0;39m c.s.m.d.config.MDCLoggingInterceptor [a387224e689b4a66bf9fc97e213f024f | GET | /favicon.ico] - Request started
26-05-18 14:07:55.191 [http-nio-8080-exec-5] [32mTRACE[0;39m o.s.s.w.h.writers.HstsHeaderWriter   [a387224e689b4a66bf9fc97e213f024f | GET | /favicon.ico] - Not injecting HSTS header since it did not match request to [Is Secure]
26-05-18 14:07:55.191 [http-nio-8080-exec-5] [32mDEBUG[0;39m c.s.m.d.config.MDCLoggingInterceptor [a387224e689b4a66bf9fc97e213f024f | GET | /favicon.ico] - Request completed
26-05-18 14:07:55.192 [http-nio-8080-exec-5] [32mTRACE[0;39m o.s.s.w.c.HttpSessionSecurityContextRepository [ |  | ] - No HttpSession currently exists
26-05-18 14:07:55.192 [http-nio-8080-exec-5] [32mTRACE[0;39m o.s.s.w.c.SupplierDeferredSecurityContext [ |  | ] - Created SecurityContextImpl [Null authentication]
26-05-18 14:07:55.192 [http-nio-8080-exec-5] [32mTRACE[0;39m o.s.s.w.c.SupplierDeferredSecurityContext [ |  | ] - Created SecurityContextImpl [Null authentication]
26-05-18 14:07:55.192 [http-nio-8080-exec-5] [32mTRACE[0;39m o.s.s.w.a.AnonymousAuthenticationFilter [ |  | ] - Set SecurityContextHolder to AnonymousAuthenticationToken [Principal=anonymousUser, Credentials=[PROTECTED], Authenticated=true, Details=WebAuthenticationDetails [RemoteIpAddress=216.218.206.88, SessionId=null], Granted Authorities=[ROLE_ANONYMOUS]]
26-05-18 14:08:55.213 [http-nio-8080-exec-6] [32mINFO [0;39m Spring Security Debugger             [ |  | ] - 

************************************************************

Request received for GET '/':

org.apache.catalina.connector.RequestFacade@12b2387e

servletPath:/
pathInfo:null
headers: 
user-agent: Mozilla/5.0 (Windows NT 10.0; Win64; x64) AppleWebKit/537.36 (KHTML, like Gecko) Chrome/90.0.4430.85 Safari/537.36 Edg/90.0.818.46
accept-encoding: gzip, deflate, gzip, deflate
accept: */*
connection: keep-alive
x-requested-with: XMLHttpRequest
content-type: application/x-www-form-urlencoded; charset=UTF-8
accept-language: en US,en;q=0.9,sv;q=0.8
host: 211.105.218.196:8080


Security filter chain: [
  DisableEncodeUrlFilter
  WebAsyncManagerIntegrationFilter
  SecurityContextHolderFilter
  HeaderWriterFilter
  CsrfFilter
  LogoutFilter
  UsernamePasswordAuthenticationFilter
  DefaultResourcesFilter
  DefaultLoginPageGeneratingFilter
  DefaultLogoutPageGeneratingFilter
  RequestCacheAwareFilter
  SecurityContextHolderAwareRequestFilter
  AnonymousAuthenticationFilter
  ExceptionTranslationFilter
]


************************************************************


26-05-18 14:08:55.213 [http-nio-8080-exec-6] [32mTRACE[0;39m o.s.security.web.FilterChainProxy    [ |  | ] - Trying to match request against DefaultSecurityFilterChain defined as 'filterChain' in [class path resource [com/sprint/mission/discodeit/config/SecurityConfig.class]] matching [any request] and having filters [DisableEncodeUrl, WebAsyncManagerIntegration, SecurityContextHolder, HeaderWriter, Csrf, Logout, UsernamePasswordAuthentication, DefaultResources, DefaultLoginPageGenerating, DefaultLogoutPageGenerating, RequestCacheAware, SecurityContextHolderAwareRequest, AnonymousAuthentication, ExceptionTranslation] (1/1)
26-05-18 14:08:55.213 [http-nio-8080-exec-6] [32mDEBUG[0;39m o.s.security.web.FilterChainProxy    [ |  | ] - Securing GET /
26-05-18 14:08:55.213 [http-nio-8080-exec-6] [32mTRACE[0;39m o.s.security.web.FilterChainProxy    [ |  | ] - Invoking DisableEncodeUrlFilter (1/14)
26-05-18 14:08:55.213 [http-nio-8080-exec-6] [32mTRACE[0;39m o.s.security.web.FilterChainProxy    [ |  | ] - Invoking WebAsyncManagerIntegrationFilter (2/14)
26-05-18 14:08:55.213 [http-nio-8080-exec-6] [32mTRACE[0;39m o.s.security.web.FilterChainProxy    [ |  | ] - Invoking SecurityContextHolderFilter (3/14)
26-05-18 14:08:55.215 [http-nio-8080-exec-6] [32mTRACE[0;39m o.s.security.web.FilterChainProxy    [ |  | ] - Invoking HeaderWriterFilter (4/14)
26-05-18 14:08:55.215 [http-nio-8080-exec-6] [32mTRACE[0;39m o.s.security.web.FilterChainProxy    [ |  | ] - Invoking CsrfFilter (5/14)
26-05-18 14:08:55.215 [http-nio-8080-exec-6] [32mTRACE[0;39m o.s.security.web.csrf.CsrfFilter     [ |  | ] - Did not protect against CSRF since request did not match CsrfNotRequired [TRACE, HEAD, GET, OPTIONS]
26-05-18 14:08:55.215 [http-nio-8080-exec-6] [32mTRACE[0;39m o.s.security.web.FilterChainProxy    [ |  | ] - Invoking LogoutFilter (6/14)
26-05-18 14:08:55.215 [http-nio-8080-exec-6] [32mTRACE[0;39m o.s.s.w.a.logout.LogoutFilter        [ |  | ] - Did not match request to Ant [pattern='/logout', POST]
26-05-18 14:08:55.215 [http-nio-8080-exec-6] [32mTRACE[0;39m o.s.security.web.FilterChainProxy    [ |  | ] - Invoking UsernamePasswordAuthenticationFilter (7/14)
26-05-18 14:08:55.215 [http-nio-8080-exec-6] [32mTRACE[0;39m o.s.s.w.a.UsernamePasswordAuthenticationFilter [ |  | ] - Did not match request to Ant [pattern='/login', POST]
26-05-18 14:08:55.215 [http-nio-8080-exec-6] [32mTRACE[0;39m o.s.security.web.FilterChainProxy    [ |  | ] - Invoking DefaultResourcesFilter (8/14)
26-05-18 14:08:55.215 [http-nio-8080-exec-6] [32mTRACE[0;39m o.s.security.web.FilterChainProxy    [ |  | ] - Invoking DefaultLoginPageGeneratingFilter (9/14)
26-05-18 14:08:55.215 [http-nio-8080-exec-6] [32mTRACE[0;39m o.s.security.web.FilterChainProxy    [ |  | ] - Invoking DefaultLogoutPageGeneratingFilter (10/14)
26-05-18 14:08:55.215 [http-nio-8080-exec-6] [32mTRACE[0;39m o.s.s.w.a.u.DefaultLogoutPageGeneratingFilter [ |  | ] - Did not render default logout page since request did not match [Ant [pattern='/logout', GET]]
26-05-18 14:08:55.215 [http-nio-8080-exec-6] [32mTRACE[0;39m o.s.security.web.FilterChainProxy    [ |  | ] - Invoking RequestCacheAwareFilter (11/14)
26-05-18 14:08:55.215 [http-nio-8080-exec-6] [32mTRACE[0;39m o.s.s.w.s.HttpSessionRequestCache    [ |  | ] - matchingRequestParameterName is required for getMatchingRequest to lookup a value, but not provided
26-05-18 14:08:55.215 [http-nio-8080-exec-6] [32mTRACE[0;39m o.s.security.web.FilterChainProxy    [ |  | ] - Invoking SecurityContextHolderAwareRequestFilter (12/14)
26-05-18 14:08:55.215 [http-nio-8080-exec-6] [32mTRACE[0;39m o.s.security.web.FilterChainProxy    [ |  | ] - Invoking AnonymousAuthenticationFilter (13/14)
26-05-18 14:08:55.215 [http-nio-8080-exec-6] [32mTRACE[0;39m o.s.security.web.FilterChainProxy    [ |  | ] - Invoking ExceptionTranslationFilter (14/14)
26-05-18 14:08:55.216 [http-nio-8080-exec-6] [32mDEBUG[0;39m o.s.security.web.FilterChainProxy    [ |  | ] - Secured GET /
26-05-18 14:08:55.216 [http-nio-8080-exec-6] [32mDEBUG[0;39m c.s.m.d.config.MDCLoggingInterceptor [29d7511f726f4b8599d4bdec90626ab5 | GET | /] - Request started
26-05-18 14:08:55.217 [http-nio-8080-exec-6] [32mINFO [0;39m Spring Security Debugger             [29d7511f726f4b8599d4bdec90626ab5 | GET | /] - 

************************************************************

Request received for GET '/index.html':

SecurityContextHolderAwareRequestWrapper[ org.springframework.security.web.header.HeaderWriterFilter$HeaderWriterRequest@168dbef0]

servletPath:/index.html
pathInfo:null
headers: 
user-agent: Mozilla/5.0 (Windows NT 10.0; Win64; x64) AppleWebKit/537.36 (KHTML, like Gecko) Chrome/90.0.4430.85 Safari/537.36 Edg/90.0.818.46
accept-encoding: gzip, deflate, gzip, deflate
accept: */*
connection: keep-alive
x-requested-with: XMLHttpRequest
content-type: application/x-www-form-urlencoded; charset=UTF-8
accept-language: en US,en;q=0.9,sv;q=0.8
host: 211.105.218.196:8080


Security filter chain: [
  DisableEncodeUrlFilter
  WebAsyncManagerIntegrationFilter
  SecurityContextHolderFilter
  HeaderWriterFilter
  CsrfFilter
  LogoutFilter
  UsernamePasswordAuthenticationFilter
  DefaultResourcesFilter
  DefaultLoginPageGeneratingFilter
  DefaultLogoutPageGeneratingFilter
  RequestCacheAwareFilter
  SecurityContextHolderAwareRequestFilter
  AnonymousAuthenticationFilter
  ExceptionTranslationFilter
]


************************************************************


26-05-18 14:08:55.217 [http-nio-8080-exec-6] [32mTRACE[0;39m o.s.security.web.FilterChainProxy    [29d7511f726f4b8599d4bdec90626ab5 | GET | /] - Trying to match request against DefaultSecurityFilterChain defined as 'filterChain' in [class path resource [com/sprint/mission/discodeit/config/SecurityConfig.class]] matching [any request] and having filters [DisableEncodeUrl, WebAsyncManagerIntegration, SecurityContextHolder, HeaderWriter, Csrf, Logout, UsernamePasswordAuthentication, DefaultResources, DefaultLoginPageGenerating, DefaultLogoutPageGenerating, RequestCacheAware, SecurityContextHolderAwareRequest, AnonymousAuthentication, ExceptionTranslation] (1/1)
26-05-18 14:08:55.217 [http-nio-8080-exec-6] [32mDEBUG[0;39m o.s.security.web.FilterChainProxy    [29d7511f726f4b8599d4bdec90626ab5 | GET | /] - Securing GET /index.html
26-05-18 14:08:55.217 [http-nio-8080-exec-6] [32mTRACE[0;39m o.s.security.web.FilterChainProxy    [29d7511f726f4b8599d4bdec90626ab5 | GET | /] - Invoking DisableEncodeUrlFilter (1/14)
26-05-18 14:08:55.217 [http-nio-8080-exec-6] [32mTRACE[0;39m o.s.security.web.FilterChainProxy    [29d7511f726f4b8599d4bdec90626ab5 | GET | /] - Invoking WebAsyncManagerIntegrationFilter (2/14)
26-05-18 14:08:55.217 [http-nio-8080-exec-6] [32mTRACE[0;39m o.s.security.web.FilterChainProxy    [29d7511f726f4b8599d4bdec90626ab5 | GET | /] - Invoking SecurityContextHolderFilter (3/14)
26-05-18 14:08:55.218 [http-nio-8080-exec-6] [32mTRACE[0;39m o.s.security.web.FilterChainProxy    [29d7511f726f4b8599d4bdec90626ab5 | GET | /] - Invoking HeaderWriterFilter (4/14)
26-05-18 14:08:55.218 [http-nio-8080-exec-6] [32mTRACE[0;39m o.s.security.web.FilterChainProxy    [29d7511f726f4b8599d4bdec90626ab5 | GET | /] - Invoking CsrfFilter (5/14)
26-05-18 14:08:55.218 [http-nio-8080-exec-6] [32mTRACE[0;39m o.s.security.web.FilterChainProxy    [29d7511f726f4b8599d4bdec90626ab5 | GET | /] - Invoking LogoutFilter (6/14)
26-05-18 14:08:55.218 [http-nio-8080-exec-6] [32mTRACE[0;39m o.s.s.w.a.logout.LogoutFilter        [29d7511f726f4b8599d4bdec90626ab5 | GET | /] - Did not match request to Ant [pattern='/logout', POST]
26-05-18 14:08:55.218 [http-nio-8080-exec-6] [32mTRACE[0;39m o.s.security.web.FilterChainProxy    [29d7511f726f4b8599d4bdec90626ab5 | GET | /] - Invoking UsernamePasswordAuthenticationFilter (7/14)
26-05-18 14:08:55.218 [http-nio-8080-exec-6] [32mTRACE[0;39m o.s.s.w.a.UsernamePasswordAuthenticationFilter [29d7511f726f4b8599d4bdec90626ab5 | GET | /] - Did not match request to Ant [pattern='/login', POST]
26-05-18 14:08:55.218 [http-nio-8080-exec-6] [32mTRACE[0;39m o.s.security.web.FilterChainProxy    [29d7511f726f4b8599d4bdec90626ab5 | GET | /] - Invoking DefaultResourcesFilter (8/14)
26-05-18 14:08:55.218 [http-nio-8080-exec-6] [32mTRACE[0;39m o.s.security.web.FilterChainProxy    [29d7511f726f4b8599d4bdec90626ab5 | GET | /] - Invoking DefaultLoginPageGeneratingFilter (9/14)
26-05-18 14:08:55.218 [http-nio-8080-exec-6] [32mTRACE[0;39m o.s.security.web.FilterChainProxy    [29d7511f726f4b8599d4bdec90626ab5 | GET | /] - Invoking DefaultLogoutPageGeneratingFilter (10/14)
26-05-18 14:08:55.218 [http-nio-8080-exec-6] [32mTRACE[0;39m o.s.security.web.FilterChainProxy    [29d7511f726f4b8599d4bdec90626ab5 | GET | /] - Invoking RequestCacheAwareFilter (11/14)
26-05-18 14:08:55.218 [http-nio-8080-exec-6] [32mTRACE[0;39m o.s.s.w.s.HttpSessionRequestCache    [29d7511f726f4b8599d4bdec90626ab5 | GET | /] - matchingRequestParameterName is required for getMatchingRequest to lookup a value, but not provided
26-05-18 14:08:55.218 [http-nio-8080-exec-6] [32mTRACE[0;39m o.s.security.web.FilterChainProxy    [29d7511f726f4b8599d4bdec90626ab5 | GET | /] - Invoking SecurityContextHolderAwareRequestFilter (12/14)
26-05-18 14:08:55.218 [http-nio-8080-exec-6] [32mTRACE[0;39m o.s.security.web.FilterChainProxy    [29d7511f726f4b8599d4bdec90626ab5 | GET | /] - Invoking AnonymousAuthenticationFilter (13/14)
26-05-18 14:08:55.218 [http-nio-8080-exec-6] [32mTRACE[0;39m o.s.security.web.FilterChainProxy    [29d7511f726f4b8599d4bdec90626ab5 | GET | /] - Invoking ExceptionTranslationFilter (14/14)
26-05-18 14:08:55.221 [http-nio-8080-exec-6] [32mDEBUG[0;39m o.s.security.web.FilterChainProxy    [29d7511f726f4b8599d4bdec90626ab5 | GET | /] - Secured GET /index.html
26-05-18 14:08:55.222 [http-nio-8080-exec-6] [32mDEBUG[0;39m c.s.m.d.config.MDCLoggingInterceptor [ea9ed39e669f4f8f8f72743e353660b9 | GET | /index.html] - Request started
26-05-18 14:08:55.225 [http-nio-8080-exec-6] [32mTRACE[0;39m o.s.s.w.h.writers.HstsHeaderWriter   [ea9ed39e669f4f8f8f72743e353660b9 | GET | /index.html] - Not injecting HSTS header since it did not match request to [Is Secure]
26-05-18 14:08:55.227 [http-nio-8080-exec-6] [32mDEBUG[0;39m c.s.m.d.config.MDCLoggingInterceptor [ea9ed39e669f4f8f8f72743e353660b9 | GET | /index.html] - Request completed
26-05-18 14:08:55.227 [http-nio-8080-exec-6] [32mTRACE[0;39m o.s.s.w.c.HttpSessionSecurityContextRepository [ |  | ] - No HttpSession currently exists
26-05-18 14:08:55.227 [http-nio-8080-exec-6] [32mTRACE[0;39m o.s.s.w.c.SupplierDeferredSecurityContext [ |  | ] - Created SecurityContextImpl [Null authentication]
26-05-18 14:08:55.227 [http-nio-8080-exec-6] [32mTRACE[0;39m o.s.s.w.c.SupplierDeferredSecurityContext [ |  | ] - Created SecurityContextImpl [Null authentication]
26-05-18 14:08:55.227 [http-nio-8080-exec-6] [32mTRACE[0;39m o.s.s.w.a.AnonymousAuthenticationFilter [ |  | ] - Set SecurityContextHolder to AnonymousAuthenticationToken [Principal=anonymousUser, Credentials=[PROTECTED], Authenticated=true, Details=WebAuthenticationDetails [RemoteIpAddress=204.76.203.212, SessionId=null], Granted Authorities=[ROLE_ANONYMOUS]]
26-05-18 14:08:55.228 [http-nio-8080-exec-6] [32mTRACE[0;39m o.s.s.w.a.AnonymousAuthenticationFilter [ |  | ] - Did not set SecurityContextHolder since already authenticated AnonymousAuthenticationToken [Principal=anonymousUser, Credentials=[PROTECTED], Authenticated=true, Details=WebAuthenticationDetails [RemoteIpAddress=204.76.203.212, SessionId=null], Granted Authorities=[ROLE_ANONYMOUS]]
26-05-18 14:08:55.229 [http-nio-8080-exec-6] [32mDEBUG[0;39m c.s.m.d.config.MDCLoggingInterceptor [ |  | ] - Request completed
26-05-18 14:10:18.806 [http-nio-8080-exec-9] [32mINFO [0;39m Spring Security Debugger             [ |  | ] - 

************************************************************

Request received for GET '/?format=json':

org.apache.catalina.connector.RequestFacade@86ba206

servletPath:/
pathInfo:null
headers: 
host: api.ipify.org
user-agent: Mozilla/5.0 (Macintosh; Intel Mac OS X 10_15_7) AppleWebKit/605.1.15 (KHTML, like Gecko) Version/17.1 Safari/605.1.15


Security filter chain: [
  DisableEncodeUrlFilter
  WebAsyncManagerIntegrationFilter
  SecurityContextHolderFilter
  HeaderWriterFilter
  CsrfFilter
  LogoutFilter
  UsernamePasswordAuthenticationFilter
  DefaultResourcesFilter
  DefaultLoginPageGeneratingFilter
  DefaultLogoutPageGeneratingFilter
  RequestCacheAwareFilter
  SecurityContextHolderAwareRequestFilter
  AnonymousAuthenticationFilter
  ExceptionTranslationFilter
]


************************************************************


26-05-18 14:10:18.807 [http-nio-8080-exec-9] [32mTRACE[0;39m o.s.security.web.FilterChainProxy    [ |  | ] - Trying to match request against DefaultSecurityFilterChain defined as 'filterChain' in [class path resource [com/sprint/mission/discodeit/config/SecurityConfig.class]] matching [any request] and having filters [DisableEncodeUrl, WebAsyncManagerIntegration, SecurityContextHolder, HeaderWriter, Csrf, Logout, UsernamePasswordAuthentication, DefaultResources, DefaultLoginPageGenerating, DefaultLogoutPageGenerating, RequestCacheAware, SecurityContextHolderAwareRequest, AnonymousAuthentication, ExceptionTranslation] (1/1)
26-05-18 14:10:18.807 [http-nio-8080-exec-9] [32mDEBUG[0;39m o.s.security.web.FilterChainProxy    [ |  | ] - Securing GET /?format=json
26-05-18 14:10:18.807 [http-nio-8080-exec-9] [32mTRACE[0;39m o.s.security.web.FilterChainProxy    [ |  | ] - Invoking DisableEncodeUrlFilter (1/14)
26-05-18 14:10:18.807 [http-nio-8080-exec-9] [32mTRACE[0;39m o.s.security.web.FilterChainProxy    [ |  | ] - Invoking WebAsyncManagerIntegrationFilter (2/14)
26-05-18 14:10:18.807 [http-nio-8080-exec-9] [32mTRACE[0;39m o.s.security.web.FilterChainProxy    [ |  | ] - Invoking SecurityContextHolderFilter (3/14)
26-05-18 14:10:18.807 [http-nio-8080-exec-9] [32mTRACE[0;39m o.s.security.web.FilterChainProxy    [ |  | ] - Invoking HeaderWriterFilter (4/14)
26-05-18 14:10:18.807 [http-nio-8080-exec-9] [32mTRACE[0;39m o.s.security.web.FilterChainProxy    [ |  | ] - Invoking CsrfFilter (5/14)
26-05-18 14:10:18.808 [http-nio-8080-exec-9] [32mTRACE[0;39m o.s.security.web.csrf.CsrfFilter     [ |  | ] - Did not protect against CSRF since request did not match CsrfNotRequired [TRACE, HEAD, GET, OPTIONS]
26-05-18 14:10:18.808 [http-nio-8080-exec-9] [32mTRACE[0;39m o.s.security.web.FilterChainProxy    [ |  | ] - Invoking LogoutFilter (6/14)
26-05-18 14:10:18.808 [http-nio-8080-exec-9] [32mTRACE[0;39m o.s.s.w.a.logout.LogoutFilter        [ |  | ] - Did not match request to Ant [pattern='/logout', POST]
26-05-18 14:10:18.808 [http-nio-8080-exec-9] [32mTRACE[0;39m o.s.security.web.FilterChainProxy    [ |  | ] - Invoking UsernamePasswordAuthenticationFilter (7/14)
26-05-18 14:10:18.808 [http-nio-8080-exec-9] [32mTRACE[0;39m o.s.s.w.a.UsernamePasswordAuthenticationFilter [ |  | ] - Did not match request to Ant [pattern='/login', POST]
26-05-18 14:10:18.808 [http-nio-8080-exec-9] [32mTRACE[0;39m o.s.security.web.FilterChainProxy    [ |  | ] - Invoking DefaultResourcesFilter (8/14)
26-05-18 14:10:18.808 [http-nio-8080-exec-9] [32mTRACE[0;39m o.s.security.web.FilterChainProxy    [ |  | ] - Invoking DefaultLoginPageGeneratingFilter (9/14)
26-05-18 14:10:18.808 [http-nio-8080-exec-9] [32mTRACE[0;39m o.s.security.web.FilterChainProxy    [ |  | ] - Invoking DefaultLogoutPageGeneratingFilter (10/14)
26-05-18 14:10:18.808 [http-nio-8080-exec-9] [32mTRACE[0;39m o.s.s.w.a.u.DefaultLogoutPageGeneratingFilter [ |  | ] - Did not render default logout page since request did not match [Ant [pattern='/logout', GET]]
26-05-18 14:10:18.808 [http-nio-8080-exec-9] [32mTRACE[0;39m o.s.security.web.FilterChainProxy    [ |  | ] - Invoking RequestCacheAwareFilter (11/14)
26-05-18 14:10:18.816 [http-nio-8080-exec-9] [32mTRACE[0;39m o.s.s.w.s.HttpSessionRequestCache    [ |  | ] - matchingRequestParameterName is required for getMatchingRequest to lookup a value, but not provided
26-05-18 14:10:18.816 [http-nio-8080-exec-9] [32mTRACE[0;39m o.s.security.web.FilterChainProxy    [ |  | ] - Invoking SecurityContextHolderAwareRequestFilter (12/14)
26-05-18 14:10:18.816 [http-nio-8080-exec-9] [32mTRACE[0;39m o.s.security.web.FilterChainProxy    [ |  | ] - Invoking AnonymousAuthenticationFilter (13/14)
26-05-18 14:10:18.816 [http-nio-8080-exec-9] [32mTRACE[0;39m o.s.security.web.FilterChainProxy    [ |  | ] - Invoking ExceptionTranslationFilter (14/14)
26-05-18 14:10:18.816 [http-nio-8080-exec-9] [32mDEBUG[0;39m o.s.security.web.FilterChainProxy    [ |  | ] - Secured GET /?format=json
26-05-18 14:10:18.817 [http-nio-8080-exec-9] [32mDEBUG[0;39m c.s.m.d.config.MDCLoggingInterceptor [82d4b99d2de84b43b7fdb53153411152 | GET | /] - Request started
26-05-18 14:10:18.817 [http-nio-8080-exec-9] [32mINFO [0;39m Spring Security Debugger             [82d4b99d2de84b43b7fdb53153411152 | GET | /] - 

************************************************************

Request received for GET '/index.html?format=json':

SecurityContextHolderAwareRequestWrapper[ org.springframework.security.web.header.HeaderWriterFilter$HeaderWriterRequest@199787de]

servletPath:/index.html
pathInfo:null
headers: 
host: api.ipify.org
user-agent: Mozilla/5.0 (Macintosh; Intel Mac OS X 10_15_7) AppleWebKit/605.1.15 (KHTML, like Gecko) Version/17.1 Safari/605.1.15


Security filter chain: [
  DisableEncodeUrlFilter
  WebAsyncManagerIntegrationFilter
  SecurityContextHolderFilter
  HeaderWriterFilter
  CsrfFilter
  LogoutFilter
  UsernamePasswordAuthenticationFilter
  DefaultResourcesFilter
  DefaultLoginPageGeneratingFilter
  DefaultLogoutPageGeneratingFilter
  RequestCacheAwareFilter
  SecurityContextHolderAwareRequestFilter
  AnonymousAuthenticationFilter
  ExceptionTranslationFilter
]


************************************************************


26-05-18 14:10:18.818 [http-nio-8080-exec-9] [32mTRACE[0;39m o.s.security.web.FilterChainProxy    [82d4b99d2de84b43b7fdb53153411152 | GET | /] - Trying to match request against DefaultSecurityFilterChain defined as 'filterChain' in [class path resource [com/sprint/mission/discodeit/config/SecurityConfig.class]] matching [any request] and having filters [DisableEncodeUrl, WebAsyncManagerIntegration, SecurityContextHolder, HeaderWriter, Csrf, Logout, UsernamePasswordAuthentication, DefaultResources, DefaultLoginPageGenerating, DefaultLogoutPageGenerating, RequestCacheAware, SecurityContextHolderAwareRequest, AnonymousAuthentication, ExceptionTranslation] (1/1)
26-05-18 14:10:18.818 [http-nio-8080-exec-9] [32mDEBUG[0;39m o.s.security.web.FilterChainProxy    [82d4b99d2de84b43b7fdb53153411152 | GET | /] - Securing GET /index.html?format=json
26-05-18 14:10:18.818 [http-nio-8080-exec-9] [32mTRACE[0;39m o.s.security.web.FilterChainProxy    [82d4b99d2de84b43b7fdb53153411152 | GET | /] - Invoking DisableEncodeUrlFilter (1/14)
26-05-18 14:10:18.819 [http-nio-8080-exec-9] [32mTRACE[0;39m o.s.security.web.FilterChainProxy    [82d4b99d2de84b43b7fdb53153411152 | GET | /] - Invoking WebAsyncManagerIntegrationFilter (2/14)
26-05-18 14:10:18.819 [http-nio-8080-exec-9] [32mTRACE[0;39m o.s.security.web.FilterChainProxy    [82d4b99d2de84b43b7fdb53153411152 | GET | /] - Invoking SecurityContextHolderFilter (3/14)
26-05-18 14:10:18.819 [http-nio-8080-exec-9] [32mTRACE[0;39m o.s.security.web.FilterChainProxy    [82d4b99d2de84b43b7fdb53153411152 | GET | /] - Invoking HeaderWriterFilter (4/14)
26-05-18 14:10:18.819 [http-nio-8080-exec-9] [32mTRACE[0;39m o.s.security.web.FilterChainProxy    [82d4b99d2de84b43b7fdb53153411152 | GET | /] - Invoking CsrfFilter (5/14)
26-05-18 14:10:18.819 [http-nio-8080-exec-9] [32mTRACE[0;39m o.s.security.web.FilterChainProxy    [82d4b99d2de84b43b7fdb53153411152 | GET | /] - Invoking LogoutFilter (6/14)
26-05-18 14:10:18.819 [http-nio-8080-exec-9] [32mTRACE[0;39m o.s.s.w.a.logout.LogoutFilter        [82d4b99d2de84b43b7fdb53153411152 | GET | /] - Did not match request to Ant [pattern='/logout', POST]
26-05-18 14:10:18.821 [http-nio-8080-exec-9] [32mTRACE[0;39m o.s.security.web.FilterChainProxy    [82d4b99d2de84b43b7fdb53153411152 | GET | /] - Invoking UsernamePasswordAuthenticationFilter (7/14)
26-05-18 14:10:18.821 [http-nio-8080-exec-9] [32mTRACE[0;39m o.s.s.w.a.UsernamePasswordAuthenticationFilter [82d4b99d2de84b43b7fdb53153411152 | GET | /] - Did not match request to Ant [pattern='/login', POST]
26-05-18 14:10:18.821 [http-nio-8080-exec-9] [32mTRACE[0;39m o.s.security.web.FilterChainProxy    [82d4b99d2de84b43b7fdb53153411152 | GET | /] - Invoking DefaultResourcesFilter (8/14)
26-05-18 14:10:18.821 [http-nio-8080-exec-9] [32mTRACE[0;39m o.s.security.web.FilterChainProxy    [82d4b99d2de84b43b7fdb53153411152 | GET | /] - Invoking DefaultLoginPageGeneratingFilter (9/14)
26-05-18 14:10:18.821 [http-nio-8080-exec-9] [32mTRACE[0;39m o.s.security.web.FilterChainProxy    [82d4b99d2de84b43b7fdb53153411152 | GET | /] - Invoking DefaultLogoutPageGeneratingFilter (10/14)
26-05-18 14:10:18.822 [http-nio-8080-exec-9] [32mTRACE[0;39m o.s.security.web.FilterChainProxy    [82d4b99d2de84b43b7fdb53153411152 | GET | /] - Invoking RequestCacheAwareFilter (11/14)
26-05-18 14:10:18.822 [http-nio-8080-exec-9] [32mTRACE[0;39m o.s.s.w.s.HttpSessionRequestCache    [82d4b99d2de84b43b7fdb53153411152 | GET | /] - matchingRequestParameterName is required for getMatchingRequest to lookup a value, but not provided
26-05-18 14:10:18.822 [http-nio-8080-exec-9] [32mTRACE[0;39m o.s.security.web.FilterChainProxy    [82d4b99d2de84b43b7fdb53153411152 | GET | /] - Invoking SecurityContextHolderAwareRequestFilter (12/14)
26-05-18 14:10:18.822 [http-nio-8080-exec-9] [32mTRACE[0;39m o.s.security.web.FilterChainProxy    [82d4b99d2de84b43b7fdb53153411152 | GET | /] - Invoking AnonymousAuthenticationFilter (13/14)
26-05-18 14:10:18.823 [http-nio-8080-exec-9] [32mTRACE[0;39m o.s.security.web.FilterChainProxy    [82d4b99d2de84b43b7fdb53153411152 | GET | /] - Invoking ExceptionTranslationFilter (14/14)
26-05-18 14:10:18.823 [http-nio-8080-exec-9] [32mDEBUG[0;39m o.s.security.web.FilterChainProxy    [82d4b99d2de84b43b7fdb53153411152 | GET | /] - Secured GET /index.html?format=json
26-05-18 14:10:18.824 [http-nio-8080-exec-9] [32mDEBUG[0;39m c.s.m.d.config.MDCLoggingInterceptor [56dde411f2a34ca68d1da0c7f803c398 | GET | /index.html] - Request started
26-05-18 14:10:18.826 [http-nio-8080-exec-9] [32mTRACE[0;39m o.s.s.w.h.writers.HstsHeaderWriter   [56dde411f2a34ca68d1da0c7f803c398 | GET | /index.html] - Not injecting HSTS header since it did not match request to [Is Secure]
26-05-18 14:10:18.827 [http-nio-8080-exec-9] [32mDEBUG[0;39m c.s.m.d.config.MDCLoggingInterceptor [56dde411f2a34ca68d1da0c7f803c398 | GET | /index.html] - Request completed
26-05-18 14:10:18.827 [http-nio-8080-exec-9] [32mTRACE[0;39m o.s.s.w.c.HttpSessionSecurityContextRepository [ |  | ] - No HttpSession currently exists
26-05-18 14:10:18.827 [http-nio-8080-exec-9] [32mTRACE[0;39m o.s.s.w.c.SupplierDeferredSecurityContext [ |  | ] - Created SecurityContextImpl [Null authentication]
26-05-18 14:10:18.827 [http-nio-8080-exec-9] [32mTRACE[0;39m o.s.s.w.c.SupplierDeferredSecurityContext [ |  | ] - Created SecurityContextImpl [Null authentication]
26-05-18 14:10:18.827 [http-nio-8080-exec-9] [32mTRACE[0;39m o.s.s.w.a.AnonymousAuthenticationFilter [ |  | ] - Set SecurityContextHolder to AnonymousAuthenticationToken [Principal=anonymousUser, Credentials=[PROTECTED], Authenticated=true, Details=WebAuthenticationDetails [RemoteIpAddress=216.218.206.100, SessionId=null], Granted Authorities=[ROLE_ANONYMOUS]]
26-05-18 14:10:18.827 [http-nio-8080-exec-9] [32mTRACE[0;39m o.s.s.w.a.AnonymousAuthenticationFilter [ |  | ] - Did not set SecurityContextHolder since already authenticated AnonymousAuthenticationToken [Principal=anonymousUser, Credentials=[PROTECTED], Authenticated=true, Details=WebAuthenticationDetails [RemoteIpAddress=216.218.206.100, SessionId=null], Granted Authorities=[ROLE_ANONYMOUS]]
26-05-18 14:10:18.828 [http-nio-8080-exec-9] [32mDEBUG[0;39m c.s.m.d.config.MDCLoggingInterceptor [ |  | ] - Request completed
26-05-18 14:11:08.607 [http-nio-8080-exec-2] [32mINFO [0;39m Spring Security Debugger             [ |  | ] - 

************************************************************

Request received for GET '/geoserver/web/':

org.apache.catalina.connector.RequestFacade@29b406e1

servletPath:/geoserver/web/
pathInfo:null
headers: 
host: 211.105.218.196:8080
user-agent: Mozilla/5.0 (Macintosh; Intel Mac OS X 10_15_7) AppleWebKit/605.1.15 (KHTML, like Gecko) Version/17.1 Safari/605.1.15
accept: */*
accept-encoding: gzip


Security filter chain: [
  DisableEncodeUrlFilter
  WebAsyncManagerIntegrationFilter
  SecurityContextHolderFilter
  HeaderWriterFilter
  CsrfFilter
  LogoutFilter
  UsernamePasswordAuthenticationFilter
  DefaultResourcesFilter
  DefaultLoginPageGeneratingFilter
  DefaultLogoutPageGeneratingFilter
  RequestCacheAwareFilter
  SecurityContextHolderAwareRequestFilter
  AnonymousAuthenticationFilter
  ExceptionTranslationFilter
]


************************************************************


26-05-18 14:11:08.608 [http-nio-8080-exec-2] [32mTRACE[0;39m o.s.security.web.FilterChainProxy    [ |  | ] - Trying to match request against DefaultSecurityFilterChain defined as 'filterChain' in [class path resource [com/sprint/mission/discodeit/config/SecurityConfig.class]] matching [any request] and having filters [DisableEncodeUrl, WebAsyncManagerIntegration, SecurityContextHolder, HeaderWriter, Csrf, Logout, UsernamePasswordAuthentication, DefaultResources, DefaultLoginPageGenerating, DefaultLogoutPageGenerating, RequestCacheAware, SecurityContextHolderAwareRequest, AnonymousAuthentication, ExceptionTranslation] (1/1)
26-05-18 14:11:08.608 [http-nio-8080-exec-2] [32mDEBUG[0;39m o.s.security.web.FilterChainProxy    [ |  | ] - Securing GET /geoserver/web/
26-05-18 14:11:08.608 [http-nio-8080-exec-2] [32mTRACE[0;39m o.s.security.web.FilterChainProxy    [ |  | ] - Invoking DisableEncodeUrlFilter (1/14)
26-05-18 14:11:08.608 [http-nio-8080-exec-2] [32mTRACE[0;39m o.s.security.web.FilterChainProxy    [ |  | ] - Invoking WebAsyncManagerIntegrationFilter (2/14)
26-05-18 14:11:08.608 [http-nio-8080-exec-2] [32mTRACE[0;39m o.s.security.web.FilterChainProxy    [ |  | ] - Invoking SecurityContextHolderFilter (3/14)
26-05-18 14:11:08.608 [http-nio-8080-exec-2] [32mTRACE[0;39m o.s.security.web.FilterChainProxy    [ |  | ] - Invoking HeaderWriterFilter (4/14)
26-05-18 14:11:08.608 [http-nio-8080-exec-2] [32mTRACE[0;39m o.s.security.web.FilterChainProxy    [ |  | ] - Invoking CsrfFilter (5/14)
26-05-18 14:11:08.609 [http-nio-8080-exec-2] [32mTRACE[0;39m o.s.security.web.csrf.CsrfFilter     [ |  | ] - Did not protect against CSRF since request did not match CsrfNotRequired [TRACE, HEAD, GET, OPTIONS]
26-05-18 14:11:08.609 [http-nio-8080-exec-2] [32mTRACE[0;39m o.s.security.web.FilterChainProxy    [ |  | ] - Invoking LogoutFilter (6/14)
26-05-18 14:11:08.609 [http-nio-8080-exec-2] [32mTRACE[0;39m o.s.s.w.a.logout.LogoutFilter        [ |  | ] - Did not match request to Ant [pattern='/logout', POST]
26-05-18 14:11:08.609 [http-nio-8080-exec-2] [32mTRACE[0;39m o.s.security.web.FilterChainProxy    [ |  | ] - Invoking UsernamePasswordAuthenticationFilter (7/14)
26-05-18 14:11:08.609 [http-nio-8080-exec-2] [32mTRACE[0;39m o.s.s.w.a.UsernamePasswordAuthenticationFilter [ |  | ] - Did not match request to Ant [pattern='/login', POST]
26-05-18 14:11:08.609 [http-nio-8080-exec-2] [32mTRACE[0;39m o.s.security.web.FilterChainProxy    [ |  | ] - Invoking DefaultResourcesFilter (8/14)
26-05-18 14:11:08.609 [http-nio-8080-exec-2] [32mTRACE[0;39m o.s.security.web.FilterChainProxy    [ |  | ] - Invoking DefaultLoginPageGeneratingFilter (9/14)
26-05-18 14:11:08.609 [http-nio-8080-exec-2] [32mTRACE[0;39m o.s.security.web.FilterChainProxy    [ |  | ] - Invoking DefaultLogoutPageGeneratingFilter (10/14)
26-05-18 14:11:08.609 [http-nio-8080-exec-2] [32mTRACE[0;39m o.s.s.w.a.u.DefaultLogoutPageGeneratingFilter [ |  | ] - Did not render default logout page since request did not match [Ant [pattern='/logout', GET]]
26-05-18 14:11:08.609 [http-nio-8080-exec-2] [32mTRACE[0;39m o.s.security.web.FilterChainProxy    [ |  | ] - Invoking RequestCacheAwareFilter (11/14)
26-05-18 14:11:08.609 [http-nio-8080-exec-2] [32mTRACE[0;39m o.s.s.w.s.HttpSessionRequestCache    [ |  | ] - matchingRequestParameterName is required for getMatchingRequest to lookup a value, but not provided
26-05-18 14:11:08.609 [http-nio-8080-exec-2] [32mTRACE[0;39m o.s.security.web.FilterChainProxy    [ |  | ] - Invoking SecurityContextHolderAwareRequestFilter (12/14)
26-05-18 14:11:08.609 [http-nio-8080-exec-2] [32mTRACE[0;39m o.s.security.web.FilterChainProxy    [ |  | ] - Invoking AnonymousAuthenticationFilter (13/14)
26-05-18 14:11:08.609 [http-nio-8080-exec-2] [32mTRACE[0;39m o.s.security.web.FilterChainProxy    [ |  | ] - Invoking ExceptionTranslationFilter (14/14)
26-05-18 14:11:08.609 [http-nio-8080-exec-2] [32mDEBUG[0;39m o.s.security.web.FilterChainProxy    [ |  | ] - Secured GET /geoserver/web/
26-05-18 14:11:08.610 [http-nio-8080-exec-2] [32mDEBUG[0;39m c.s.m.d.config.MDCLoggingInterceptor [a6edfb6797dc4b64ba8bca9cbb373f37 | GET | /geoserver/web/] - Request started
26-05-18 14:11:08.622 [http-nio-8080-exec-2] [31mERROR[0;39m c.s.m.d.e.GlobalExceptionHandler     [a6edfb6797dc4b64ba8bca9cbb373f37 | GET | /geoserver/web/] - 예상치 못한 오류 발생: No static resource geoserver/web.
org.springframework.web.servlet.resource.NoResourceFoundException: No static resource geoserver/web.
	at org.springframework.web.servlet.resource.ResourceHttpRequestHandler.handleRequest(ResourceHttpRequestHandler.java:585)
	at org.springframework.web.servlet.mvc.HttpRequestHandlerAdapter.handle(HttpRequestHandlerAdapter.java:52)
	at org.springframework.web.servlet.DispatcherServlet.doDispatch(DispatcherServlet.java:1088)
	at org.springframework.web.servlet.DispatcherServlet.doService(DispatcherServlet.java:978)
	at org.springframework.web.servlet.FrameworkServlet.processRequest(FrameworkServlet.java:1014)
	at org.springframework.web.servlet.FrameworkServlet.doGet(FrameworkServlet.java:903)
	at jakarta.servlet.http.HttpServlet.service(HttpServlet.java:564)
	at org.springframework.web.servlet.FrameworkServlet.service(FrameworkServlet.java:885)
	at jakarta.servlet.http.HttpServlet.service(HttpServlet.java:658)
	at org.apache.catalina.core.ApplicationFilterChain.internalDoFilter(ApplicationFilterChain.java:195)
	at org.apache.catalina.core.ApplicationFilterChain.doFilter(ApplicationFilterChain.java:140)
	at org.apache.tomcat.websocket.server.WsFilter.doFilter(WsFilter.java:51)
	at org.apache.catalina.core.ApplicationFilterChain.internalDoFilter(ApplicationFilterChain.java:164)
	at org.apache.catalina.core.ApplicationFilterChain.doFilter(ApplicationFilterChain.java:140)
	at org.springframework.web.filter.CompositeFilter$VirtualFilterChain.doFilter(CompositeFilter.java:108)
	at org.springframework.security.web.FilterChainProxy.lambda$doFilterInternal$3(FilterChainProxy.java:231)
	at org.springframework.security.web.ObservationFilterChainDecorator$FilterObservation$SimpleFilterObservation.lambda$wrap$1(ObservationFilterChainDecorator.java:479)
	at org.springframework.security.web.ObservationFilterChainDecorator$AroundFilterObservation$SimpleAroundFilterObservation.lambda$wrap$1(ObservationFilterChainDecorator.java:340)
	at org.springframework.security.web.ObservationFilterChainDecorator.lambda$wrapSecured$0(ObservationFilterChainDecorator.java:82)
	at org.springframework.security.web.ObservationFilterChainDecorator$VirtualFilterChain.doFilter(ObservationFilterChainDecorator.java:128)
	at org.springframework.security.web.access.ExceptionTranslationFilter.doFilter(ExceptionTranslationFilter.java:126)
	at org.springframework.security.web.access.ExceptionTranslationFilter.doFilter(ExceptionTranslationFilter.java:120)
	at org.springframework.security.web.ObservationFilterChainDecorator$ObservationFilter.wrapFilter(ObservationFilterChainDecorator.java:240)
	at org.springframework.security.web.ObservationFilterChainDecorator$ObservationFilter.doFilter(ObservationFilterChainDecorator.java:227)
	at org.springframework.security.web.ObservationFilterChainDecorator$VirtualFilterChain.doFilter(ObservationFilterChainDecorator.java:137)
	at org.springframework.security.web.authentication.AnonymousAuthenticationFilter.doFilter(AnonymousAuthenticationFilter.java:100)
	at org.springframework.security.web.ObservationFilterChainDecorator$ObservationFilter.wrapFilter(ObservationFilterChainDecorator.java:240)
	at org.springframework.security.web.ObservationFilterChainDecorator$ObservationFilter.doFilter(ObservationFilterChainDecorator.java:227)
	at org.springframework.security.web.ObservationFilterChainDecorator$VirtualFilterChain.doFilter(ObservationFilterChainDecorator.java:137)
	at org.springframework.security.web.servletapi.SecurityContextHolderAwareRequestFilter.doFilter(SecurityContextHolderAwareRequestFilter.java:179)
	at org.springframework.security.web.ObservationFilterChainDecorator$ObservationFilter.wrapFilter(ObservationFilterChainDecorator.java:240)
	at org.springframework.security.web.ObservationFilterChainDecorator$ObservationFilter.doFilter(ObservationFilterChainDecorator.java:227)
	at org.springframework.security.web.ObservationFilterChainDecorator$VirtualFilterChain.doFilter(ObservationFilterChainDecorator.java:137)
	at org.springframework.security.web.savedrequest.RequestCacheAwareFilter.doFilter(RequestCacheAwareFilter.java:63)
	at org.springframework.security.web.ObservationFilterChainDecorator$ObservationFilter.wrapFilter(ObservationFilterChainDecorator.java:240)
	at org.springframework.security.web.ObservationFilterChainDecorator$ObservationFilter.doFilter(ObservationFilterChainDecorator.java:227)
	at org.springframework.security.web.ObservationFilterChainDecorator$VirtualFilterChain.doFilter(ObservationFilterChainDecorator.java:137)
	at org.springframework.security.web.authentication.ui.DefaultLogoutPageGeneratingFilter.doFilterInternal(DefaultLogoutPageGeneratingFilter.java:58)
	at org.springframework.web.filter.OncePerRequestFilter.doFilter(OncePerRequestFilter.java:116)
	at org.springframework.security.web.ObservationFilterChainDecorator$ObservationFilter.wrapFilter(ObservationFilterChainDecorator.java:240)
	at org.springframework.security.web.ObservationFilterChainDecorator$ObservationFilter.doFilter(ObservationFilterChainDecorator.java:227)
	at org.springframework.security.web.ObservationFilterChainDecorator$VirtualFilterChain.doFilter(ObservationFilterChainDecorator.java:137)
	at org.springframework.security.web.authentication.ui.DefaultLoginPageGeneratingFilter.doFilter(DefaultLoginPageGeneratingFilter.java:220)
	at org.springframework.security.web.authentication.ui.DefaultLoginPageGeneratingFilter.doFilter(DefaultLoginPageGeneratingFilter.java:206)
	at org.springframework.security.web.ObservationFilterChainDecorator$ObservationFilter.wrapFilter(ObservationFilterChainDecorator.java:240)
	at org.springframework.security.web.ObservationFilterChainDecorator$ObservationFilter.doFilter(ObservationFilterChainDecorator.java:227)
	at org.springframework.security.web.ObservationFilterChainDecorator$VirtualFilterChain.doFilter(ObservationFilterChainDecorator.java:137)
	at org.springframework.security.web.authentication.ui.DefaultResourcesFilter.doFilter(DefaultResourcesFilter.java:72)
	at org.springframework.security.web.ObservationFilterChainDecorator$ObservationFilter.wrapFilter(ObservationFilterChainDecorator.java:240)
	at org.springframework.security.web.ObservationFilterChainDecorator$ObservationFilter.doFilter(ObservationFilterChainDecorator.java:227)
	at org.springframework.security.web.ObservationFilterChainDecorator$VirtualFilterChain.doFilter(ObservationFilterChainDecorator.java:137)
	at org.springframework.security.web.authentication.AbstractAuthenticationProcessingFilter.doFilter(AbstractAuthenticationProcessingFilter.java:227)
	at org.springframework.security.web.authentication.AbstractAuthenticationProcessingFilter.doFilter(AbstractAuthenticationProcessingFilter.java:221)
	at org.springframework.security.web.ObservationFilterChainDecorator$ObservationFilter.wrapFilter(ObservationFilterChainDecorator.java:240)
	at org.springframework.security.web.ObservationFilterChainDecorator$ObservationFilter.doFilter(ObservationFilterChainDecorator.java:227)
	at org.springframework.security.web.ObservationFilterChainDecorator$VirtualFilterChain.doFilter(ObservationFilterChainDecorator.java:137)
	at org.springframework.security.web.authentication.logout.LogoutFilter.doFilter(LogoutFilter.java:107)
	at org.springframework.security.web.authentication.logout.LogoutFilter.doFilter(LogoutFilter.java:93)
	at org.springframework.security.web.ObservationFilterChainDecorator$ObservationFilter.wrapFilter(ObservationFilterChainDecorator.java:240)
	at org.springframework.security.web.ObservationFilterChainDecorator$ObservationFilter.doFilter(ObservationFilterChainDecorator.java:227)
	at org.springframework.security.web.ObservationFilterChainDecorator$VirtualFilterChain.doFilter(ObservationFilterChainDecorator.java:137)
	at org.springframework.security.web.csrf.CsrfFilter.doFilterInternal(CsrfFilter.java:117)
	at org.springframework.web.filter.OncePerRequestFilter.doFilter(OncePerRequestFilter.java:116)
	at org.springframework.security.web.ObservationFilterChainDecorator$ObservationFilter.wrapFilter(ObservationFilterChainDecorator.java:240)
	at org.springframework.security.web.ObservationFilterChainDecorator$ObservationFilter.doFilter(ObservationFilterChainDecorator.java:227)
	at org.springframework.security.web.ObservationFilterChainDecorator$VirtualFilterChain.doFilter(ObservationFilterChainDecorator.java:137)
	at org.springframework.security.web.header.HeaderWriterFilter.doHeadersAfter(HeaderWriterFilter.java:90)
	at org.springframework.security.web.header.HeaderWriterFilter.doFilterInternal(HeaderWriterFilter.java:75)
	at org.springframework.web.filter.OncePerRequestFilter.doFilter(OncePerRequestFilter.java:116)
	at org.springframework.security.web.ObservationFilterChainDecorator$ObservationFilter.wrapFilter(ObservationFilterChainDecorator.java:240)
	at org.springframework.security.web.ObservationFilterChainDecorator$ObservationFilter.doFilter(ObservationFilterChainDecorator.java:227)
	at org.springframework.security.web.ObservationFilterChainDecorator$VirtualFilterChain.doFilter(ObservationFilterChainDecorator.java:137)
	at org.springframework.security.web.context.SecurityContextHolderFilter.doFilter(SecurityContextHolderFilter.java:82)
	at org.springframework.security.web.context.SecurityContextHolderFilter.doFilter(SecurityContextHolderFilter.java:69)
	at org.springframework.security.web.ObservationFilterChainDecorator$ObservationFilter.wrapFilter(ObservationFilterChainDecorator.java:240)
	at org.springframework.security.web.ObservationFilterChainDecorator$ObservationFilter.doFilter(ObservationFilterChainDecorator.java:227)
	at org.springframework.security.web.ObservationFilterChainDecorator$VirtualFilterChain.doFilter(ObservationFilterChainDecorator.java:137)
	at org.springframework.security.web.context.request.async.WebAsyncManagerIntegrationFilter.doFilterInternal(WebAsyncManagerIntegrationFilter.java:62)
	at org.springframework.web.filter.OncePerRequestFilter.doFilter(OncePerRequestFilter.java:116)
	at org.springframework.security.web.ObservationFilterChainDecorator$ObservationFilter.wrapFilter(ObservationFilterChainDecorator.java:240)
	at org.springframework.security.web.ObservationFilterChainDecorator$ObservationFilter.doFilter(ObservationFilterChainDecorator.java:227)
	at org.springframework.security.web.ObservationFilterChainDecorator$VirtualFilterChain.doFilter(ObservationFilterChainDecorator.java:137)
	at org.springframework.security.web.session.DisableEncodeUrlFilter.doFilterInternal(DisableEncodeUrlFilter.java:42)
	at org.springframework.web.filter.OncePerRequestFilter.doFilter(OncePerRequestFilter.java:116)
	at org.springframework.security.web.ObservationFilterChainDecorator$ObservationFilter.wrapFilter(ObservationFilterChainDecorator.java:240)
	at org.springframework.security.web.ObservationFilterChainDecorator$AroundFilterObservation$SimpleAroundFilterObservation.lambda$wrap$0(ObservationFilterChainDecorator.java:323)
	at org.springframework.security.web.ObservationFilterChainDecorator$ObservationFilter.doFilter(ObservationFilterChainDecorator.java:224)
	at org.springframework.security.web.ObservationFilterChainDecorator$VirtualFilterChain.doFilter(ObservationFilterChainDecorator.java:137)
	at org.springframework.security.web.FilterChainProxy.doFilterInternal(FilterChainProxy.java:233)
	at org.springframework.security.web.FilterChainProxy.doFilter(FilterChainProxy.java:191)
	at org.springframework.security.web.debug.DebugFilter.invokeWithWrappedRequest(DebugFilter.java:90)
	at org.springframework.security.web.debug.DebugFilter.doFilter(DebugFilter.java:78)
	at org.springframework.security.web.debug.DebugFilter.doFilter(DebugFilter.java:67)
	at org.springframework.web.filter.CompositeFilter$VirtualFilterChain.doFilter(CompositeFilter.java:113)
	at org.springframework.web.servlet.handler.HandlerMappingIntrospector.lambda$createCacheFilter$3(HandlerMappingIntrospector.java:243)
	at org.springframework.web.filter.CompositeFilter$VirtualFilterChain.doFilter(CompositeFilter.java:113)
	at org.springframework.web.filter.CompositeFilter.doFilter(CompositeFilter.java:74)
	at org.springframework.security.config.annotation.web.configuration.WebMvcSecurityConfiguration$CompositeFilterChainProxy.doFilter(WebMvcSecurityConfiguration.java:238)
	at org.springframework.web.filter.DelegatingFilterProxy.invokeDelegate(DelegatingFilterProxy.java:362)
	at org.springframework.web.filter.DelegatingFilterProxy.doFilter(DelegatingFilterProxy.java:278)
	at org.apache.catalina.core.ApplicationFilterChain.internalDoFilter(ApplicationFilterChain.java:164)
	at org.apache.catalina.core.ApplicationFilterChain.doFilter(ApplicationFilterChain.java:140)
	at org.springframework.web.filter.RequestContextFilter.doFilterInternal(RequestContextFilter.java:100)
	at org.springframework.web.filter.OncePerRequestFilter.doFilter(OncePerRequestFilter.java:116)
	at org.apache.catalina.core.ApplicationFilterChain.internalDoFilter(ApplicationFilterChain.java:164)
	at org.apache.catalina.core.ApplicationFilterChain.doFilter(ApplicationFilterChain.java:140)
	at org.springframework.web.filter.FormContentFilter.doFilterInternal(FormContentFilter.java:93)
	at org.springframework.web.filter.OncePerRequestFilter.doFilter(OncePerRequestFilter.java:116)
	at org.apache.catalina.core.ApplicationFilterChain.internalDoFilter(ApplicationFilterChain.java:164)
	at org.apache.catalina.core.ApplicationFilterChain.doFilter(ApplicationFilterChain.java:140)
	at org.springframework.web.filter.ServerHttpObservationFilter.doFilterInternal(ServerHttpObservationFilter.java:114)
	at org.springframework.web.filter.OncePerRequestFilter.doFilter(OncePerRequestFilter.java:116)
	at org.apache.catalina.core.ApplicationFilterChain.internalDoFilter(ApplicationFilterChain.java:164)
	at org.apache.catalina.core.ApplicationFilterChain.doFilter(ApplicationFilterChain.java:140)
	at org.springframework.web.filter.CharacterEncodingFilter.doFilterInternal(CharacterEncodingFilter.java:201)
	at org.springframework.web.filter.OncePerRequestFilter.doFilter(OncePerRequestFilter.java:116)
	at org.apache.catalina.core.ApplicationFilterChain.internalDoFilter(ApplicationFilterChain.java:164)
	at org.apache.catalina.core.ApplicationFilterChain.doFilter(ApplicationFilterChain.java:140)
	at org.apache.catalina.core.StandardWrapperValve.invoke(StandardWrapperValve.java:167)
	at org.apache.catalina.core.StandardContextValve.invoke(StandardContextValve.java:90)
	at org.apache.catalina.authenticator.AuthenticatorBase.invoke(AuthenticatorBase.java:483)
	at org.apache.catalina.core.StandardHostValve.invoke(StandardHostValve.java:115)
	at org.apache.catalina.valves.ErrorReportValve.invoke(ErrorReportValve.java:93)
	at org.apache.catalina.core.StandardEngineValve.invoke(StandardEngineValve.java:74)
	at org.apache.catalina.connector.CoyoteAdapter.service(CoyoteAdapter.java:344)
	at org.apache.coyote.http11.Http11Processor.service(Http11Processor.java:397)
	at org.apache.coyote.AbstractProcessorLight.process(AbstractProcessorLight.java:63)
	at org.apache.coyote.AbstractProtocol$ConnectionHandler.process(AbstractProtocol.java:905)
	at org.apache.tomcat.util.net.NioEndpoint$SocketProcessor.doRun(NioEndpoint.java:1741)
	at org.apache.tomcat.util.net.SocketProcessorBase.run(SocketProcessorBase.java:52)
	at org.apache.tomcat.util.threads.ThreadPoolExecutor.runWorker(ThreadPoolExecutor.java:1190)
	at org.apache.tomcat.util.threads.ThreadPoolExecutor$Worker.run(ThreadPoolExecutor.java:659)
	at org.apache.tomcat.util.threads.TaskThread$WrappingRunnable.run(TaskThread.java:63)
	at java.base/java.lang.Thread.run(Thread.java:842)
26-05-18 14:11:08.657 [http-nio-8080-exec-2] [32mTRACE[0;39m o.s.s.w.h.writers.HstsHeaderWriter   [a6edfb6797dc4b64ba8bca9cbb373f37 | GET | /geoserver/web/] - Not injecting HSTS header since it did not match request to [Is Secure]
26-05-18 14:11:08.658 [http-nio-8080-exec-2] [32mDEBUG[0;39m c.s.m.d.config.MDCLoggingInterceptor [a6edfb6797dc4b64ba8bca9cbb373f37 | GET | /geoserver/web/] - Request completed
26-05-18 14:11:08.658 [http-nio-8080-exec-2] [32mTRACE[0;39m o.s.s.w.c.HttpSessionSecurityContextRepository [ |  | ] - No HttpSession currently exists
26-05-18 14:11:08.659 [http-nio-8080-exec-2] [32mTRACE[0;39m o.s.s.w.c.SupplierDeferredSecurityContext [ |  | ] - Created SecurityContextImpl [Null authentication]
26-05-18 14:11:08.659 [http-nio-8080-exec-2] [32mTRACE[0;39m o.s.s.w.c.SupplierDeferredSecurityContext [ |  | ] - Created SecurityContextImpl [Null authentication]
26-05-18 14:11:08.659 [http-nio-8080-exec-2] [32mTRACE[0;39m o.s.s.w.a.AnonymousAuthenticationFilter [ |  | ] - Set SecurityContextHolder to AnonymousAuthenticationToken [Principal=anonymousUser, Credentials=[PROTECTED], Authenticated=true, Details=WebAuthenticationDetails [RemoteIpAddress=216.218.206.68, SessionId=null], Granted Authorities=[ROLE_ANONYMOUS]]
26-05-18 14:12:54.427 [http-nio-8080-exec-4] [32mINFO [0;39m Spring Security Debugger             [ |  | ] - 

************************************************************

Request received for GET '/':

org.apache.catalina.connector.RequestFacade@6693af68

servletPath:/
pathInfo:null
headers: 
host: 211.105.218.196:8080
user-agent: Mozilla/5.0 (compatible; InternetMeasurement/1.0; +https://internet-measurement.com/)
connection: close
accept: */*
accept-encoding: gzip


Security filter chain: [
  DisableEncodeUrlFilter
  WebAsyncManagerIntegrationFilter
  SecurityContextHolderFilter
  HeaderWriterFilter
  CsrfFilter
  LogoutFilter
  UsernamePasswordAuthenticationFilter
  DefaultResourcesFilter
  DefaultLoginPageGeneratingFilter
  DefaultLogoutPageGeneratingFilter
  RequestCacheAwareFilter
  SecurityContextHolderAwareRequestFilter
  AnonymousAuthenticationFilter
  ExceptionTranslationFilter
]


************************************************************


26-05-18 14:12:54.427 [http-nio-8080-exec-4] [32mTRACE[0;39m o.s.security.web.FilterChainProxy    [ |  | ] - Trying to match request against DefaultSecurityFilterChain defined as 'filterChain' in [class path resource [com/sprint/mission/discodeit/config/SecurityConfig.class]] matching [any request] and having filters [DisableEncodeUrl, WebAsyncManagerIntegration, SecurityContextHolder, HeaderWriter, Csrf, Logout, UsernamePasswordAuthentication, DefaultResources, DefaultLoginPageGenerating, DefaultLogoutPageGenerating, RequestCacheAware, SecurityContextHolderAwareRequest, AnonymousAuthentication, ExceptionTranslation] (1/1)
26-05-18 14:12:54.427 [http-nio-8080-exec-4] [32mDEBUG[0;39m o.s.security.web.FilterChainProxy    [ |  | ] - Securing GET /
26-05-18 14:12:54.427 [http-nio-8080-exec-4] [32mTRACE[0;39m o.s.security.web.FilterChainProxy    [ |  | ] - Invoking DisableEncodeUrlFilter (1/14)
26-05-18 14:12:54.428 [http-nio-8080-exec-4] [32mTRACE[0;39m o.s.security.web.FilterChainProxy    [ |  | ] - Invoking WebAsyncManagerIntegrationFilter (2/14)
26-05-18 14:12:54.428 [http-nio-8080-exec-4] [32mTRACE[0;39m o.s.security.web.FilterChainProxy    [ |  | ] - Invoking SecurityContextHolderFilter (3/14)
26-05-18 14:12:54.428 [http-nio-8080-exec-4] [32mTRACE[0;39m o.s.security.web.FilterChainProxy    [ |  | ] - Invoking HeaderWriterFilter (4/14)
26-05-18 14:12:54.428 [http-nio-8080-exec-4] [32mTRACE[0;39m o.s.security.web.FilterChainProxy    [ |  | ] - Invoking CsrfFilter (5/14)
26-05-18 14:12:54.428 [http-nio-8080-exec-4] [32mTRACE[0;39m o.s.security.web.csrf.CsrfFilter     [ |  | ] - Did not protect against CSRF since request did not match CsrfNotRequired [TRACE, HEAD, GET, OPTIONS]
26-05-18 14:12:54.428 [http-nio-8080-exec-4] [32mTRACE[0;39m o.s.security.web.FilterChainProxy    [ |  | ] - Invoking LogoutFilter (6/14)
26-05-18 14:12:54.428 [http-nio-8080-exec-4] [32mTRACE[0;39m o.s.s.w.a.logout.LogoutFilter        [ |  | ] - Did not match request to Ant [pattern='/logout', POST]
26-05-18 14:12:54.428 [http-nio-8080-exec-4] [32mTRACE[0;39m o.s.security.web.FilterChainProxy    [ |  | ] - Invoking UsernamePasswordAuthenticationFilter (7/14)
26-05-18 14:12:54.428 [http-nio-8080-exec-4] [32mTRACE[0;39m o.s.s.w.a.UsernamePasswordAuthenticationFilter [ |  | ] - Did not match request to Ant [pattern='/login', POST]
26-05-18 14:12:54.428 [http-nio-8080-exec-4] [32mTRACE[0;39m o.s.security.web.FilterChainProxy    [ |  | ] - Invoking DefaultResourcesFilter (8/14)
26-05-18 14:12:54.428 [http-nio-8080-exec-4] [32mTRACE[0;39m o.s.security.web.FilterChainProxy    [ |  | ] - Invoking DefaultLoginPageGeneratingFilter (9/14)
26-05-18 14:12:54.428 [http-nio-8080-exec-4] [32mTRACE[0;39m o.s.security.web.FilterChainProxy    [ |  | ] - Invoking DefaultLogoutPageGeneratingFilter (10/14)
26-05-18 14:12:54.428 [http-nio-8080-exec-4] [32mTRACE[0;39m o.s.s.w.a.u.DefaultLogoutPageGeneratingFilter [ |  | ] - Did not render default logout page since request did not match [Ant [pattern='/logout', GET]]
26-05-18 14:12:54.428 [http-nio-8080-exec-4] [32mTRACE[0;39m o.s.security.web.FilterChainProxy    [ |  | ] - Invoking RequestCacheAwareFilter (11/14)
26-05-18 14:12:54.428 [http-nio-8080-exec-4] [32mTRACE[0;39m o.s.s.w.s.HttpSessionRequestCache    [ |  | ] - matchingRequestParameterName is required for getMatchingRequest to lookup a value, but not provided
26-05-18 14:12:54.428 [http-nio-8080-exec-4] [32mTRACE[0;39m o.s.security.web.FilterChainProxy    [ |  | ] - Invoking SecurityContextHolderAwareRequestFilter (12/14)
26-05-18 14:12:54.428 [http-nio-8080-exec-4] [32mTRACE[0;39m o.s.security.web.FilterChainProxy    [ |  | ] - Invoking AnonymousAuthenticationFilter (13/14)
26-05-18 14:12:54.428 [http-nio-8080-exec-4] [32mTRACE[0;39m o.s.security.web.FilterChainProxy    [ |  | ] - Invoking ExceptionTranslationFilter (14/14)
26-05-18 14:12:54.428 [http-nio-8080-exec-4] [32mDEBUG[0;39m o.s.security.web.FilterChainProxy    [ |  | ] - Secured GET /
26-05-18 14:12:54.429 [http-nio-8080-exec-4] [32mDEBUG[0;39m c.s.m.d.config.MDCLoggingInterceptor [4fee412287bf4d10b14166d3e159e5c7 | GET | /] - Request started
26-05-18 14:12:54.430 [http-nio-8080-exec-4] [32mINFO [0;39m Spring Security Debugger             [4fee412287bf4d10b14166d3e159e5c7 | GET | /] - 

************************************************************

Request received for GET '/index.html':

SecurityContextHolderAwareRequestWrapper[ org.springframework.security.web.header.HeaderWriterFilter$HeaderWriterRequest@76ef2acb]

servletPath:/index.html
pathInfo:null
headers: 
host: 211.105.218.196:8080
user-agent: Mozilla/5.0 (compatible; InternetMeasurement/1.0; +https://internet-measurement.com/)
connection: close
accept: */*
accept-encoding: gzip


Security filter chain: [
  DisableEncodeUrlFilter
  WebAsyncManagerIntegrationFilter
  SecurityContextHolderFilter
  HeaderWriterFilter
  CsrfFilter
  LogoutFilter
  UsernamePasswordAuthenticationFilter
  DefaultResourcesFilter
  DefaultLoginPageGeneratingFilter
  DefaultLogoutPageGeneratingFilter
  RequestCacheAwareFilter
  SecurityContextHolderAwareRequestFilter
  AnonymousAuthenticationFilter
  ExceptionTranslationFilter
]


************************************************************


26-05-18 14:12:54.430 [http-nio-8080-exec-4] [32mTRACE[0;39m o.s.security.web.FilterChainProxy    [4fee412287bf4d10b14166d3e159e5c7 | GET | /] - Trying to match request against DefaultSecurityFilterChain defined as 'filterChain' in [class path resource [com/sprint/mission/discodeit/config/SecurityConfig.class]] matching [any request] and having filters [DisableEncodeUrl, WebAsyncManagerIntegration, SecurityContextHolder, HeaderWriter, Csrf, Logout, UsernamePasswordAuthentication, DefaultResources, DefaultLoginPageGenerating, DefaultLogoutPageGenerating, RequestCacheAware, SecurityContextHolderAwareRequest, AnonymousAuthentication, ExceptionTranslation] (1/1)
26-05-18 14:12:54.430 [http-nio-8080-exec-4] [32mDEBUG[0;39m o.s.security.web.FilterChainProxy    [4fee412287bf4d10b14166d3e159e5c7 | GET | /] - Securing GET /index.html
26-05-18 14:12:54.430 [http-nio-8080-exec-4] [32mTRACE[0;39m o.s.security.web.FilterChainProxy    [4fee412287bf4d10b14166d3e159e5c7 | GET | /] - Invoking DisableEncodeUrlFilter (1/14)
26-05-18 14:12:54.430 [http-nio-8080-exec-4] [32mTRACE[0;39m o.s.security.web.FilterChainProxy    [4fee412287bf4d10b14166d3e159e5c7 | GET | /] - Invoking WebAsyncManagerIntegrationFilter (2/14)
26-05-18 14:12:54.430 [http-nio-8080-exec-4] [32mTRACE[0;39m o.s.security.web.FilterChainProxy    [4fee412287bf4d10b14166d3e159e5c7 | GET | /] - Invoking SecurityContextHolderFilter (3/14)
26-05-18 14:12:54.430 [http-nio-8080-exec-4] [32mTRACE[0;39m o.s.security.web.FilterChainProxy    [4fee412287bf4d10b14166d3e159e5c7 | GET | /] - Invoking HeaderWriterFilter (4/14)
26-05-18 14:12:54.430 [http-nio-8080-exec-4] [32mTRACE[0;39m o.s.security.web.FilterChainProxy    [4fee412287bf4d10b14166d3e159e5c7 | GET | /] - Invoking CsrfFilter (5/14)
26-05-18 14:12:54.430 [http-nio-8080-exec-4] [32mTRACE[0;39m o.s.security.web.FilterChainProxy    [4fee412287bf4d10b14166d3e159e5c7 | GET | /] - Invoking LogoutFilter (6/14)
26-05-18 14:12:54.430 [http-nio-8080-exec-4] [32mTRACE[0;39m o.s.s.w.a.logout.LogoutFilter        [4fee412287bf4d10b14166d3e159e5c7 | GET | /] - Did not match request to Ant [pattern='/logout', POST]
26-05-18 14:12:54.430 [http-nio-8080-exec-4] [32mTRACE[0;39m o.s.security.web.FilterChainProxy    [4fee412287bf4d10b14166d3e159e5c7 | GET | /] - Invoking UsernamePasswordAuthenticationFilter (7/14)
26-05-18 14:12:54.430 [http-nio-8080-exec-4] [32mTRACE[0;39m o.s.s.w.a.UsernamePasswordAuthenticationFilter [4fee412287bf4d10b14166d3e159e5c7 | GET | /] - Did not match request to Ant [pattern='/login', POST]
26-05-18 14:12:54.430 [http-nio-8080-exec-4] [32mTRACE[0;39m o.s.security.web.FilterChainProxy    [4fee412287bf4d10b14166d3e159e5c7 | GET | /] - Invoking DefaultResourcesFilter (8/14)
26-05-18 14:12:54.430 [http-nio-8080-exec-4] [32mTRACE[0;39m o.s.security.web.FilterChainProxy    [4fee412287bf4d10b14166d3e159e5c7 | GET | /] - Invoking DefaultLoginPageGeneratingFilter (9/14)
26-05-18 14:12:54.430 [http-nio-8080-exec-4] [32mTRACE[0;39m o.s.security.web.FilterChainProxy    [4fee412287bf4d10b14166d3e159e5c7 | GET | /] - Invoking DefaultLogoutPageGeneratingFilter (10/14)
26-05-18 14:12:54.430 [http-nio-8080-exec-4] [32mTRACE[0;39m o.s.security.web.FilterChainProxy    [4fee412287bf4d10b14166d3e159e5c7 | GET | /] - Invoking RequestCacheAwareFilter (11/14)
26-05-18 14:12:54.430 [http-nio-8080-exec-4] [32mTRACE[0;39m o.s.s.w.s.HttpSessionRequestCache    [4fee412287bf4d10b14166d3e159e5c7 | GET | /] - matchingRequestParameterName is required for getMatchingRequest to lookup a value, but not provided
26-05-18 14:12:54.430 [http-nio-8080-exec-4] [32mTRACE[0;39m o.s.security.web.FilterChainProxy    [4fee412287bf4d10b14166d3e159e5c7 | GET | /] - Invoking SecurityContextHolderAwareRequestFilter (12/14)
26-05-18 14:12:54.430 [http-nio-8080-exec-4] [32mTRACE[0;39m o.s.security.web.FilterChainProxy    [4fee412287bf4d10b14166d3e159e5c7 | GET | /] - Invoking AnonymousAuthenticationFilter (13/14)
26-05-18 14:12:54.430 [http-nio-8080-exec-4] [32mTRACE[0;39m o.s.security.web.FilterChainProxy    [4fee412287bf4d10b14166d3e159e5c7 | GET | /] - Invoking ExceptionTranslationFilter (14/14)
26-05-18 14:12:54.430 [http-nio-8080-exec-4] [32mDEBUG[0;39m o.s.security.web.FilterChainProxy    [4fee412287bf4d10b14166d3e159e5c7 | GET | /] - Secured GET /index.html
26-05-18 14:12:54.431 [http-nio-8080-exec-4] [32mDEBUG[0;39m c.s.m.d.config.MDCLoggingInterceptor [efde63608c5444ccac91ec82fb0a4fde | GET | /index.html] - Request started
26-05-18 14:12:54.433 [http-nio-8080-exec-4] [32mTRACE[0;39m o.s.s.w.h.writers.HstsHeaderWriter   [efde63608c5444ccac91ec82fb0a4fde | GET | /index.html] - Not injecting HSTS header since it did not match request to [Is Secure]
26-05-18 14:12:54.433 [http-nio-8080-exec-4] [32mDEBUG[0;39m c.s.m.d.config.MDCLoggingInterceptor [efde63608c5444ccac91ec82fb0a4fde | GET | /index.html] - Request completed
26-05-18 14:12:54.435 [http-nio-8080-exec-4] [32mTRACE[0;39m o.s.s.w.c.HttpSessionSecurityContextRepository [ |  | ] - No HttpSession currently exists
26-05-18 14:12:54.435 [http-nio-8080-exec-4] [32mTRACE[0;39m o.s.s.w.c.SupplierDeferredSecurityContext [ |  | ] - Created SecurityContextImpl [Null authentication]
26-05-18 14:12:54.435 [http-nio-8080-exec-4] [32mTRACE[0;39m o.s.s.w.c.SupplierDeferredSecurityContext [ |  | ] - Created SecurityContextImpl [Null authentication]
26-05-18 14:12:54.435 [http-nio-8080-exec-4] [32mTRACE[0;39m o.s.s.w.a.AnonymousAuthenticationFilter [ |  | ] - Set SecurityContextHolder to AnonymousAuthenticationToken [Principal=anonymousUser, Credentials=[PROTECTED], Authenticated=true, Details=WebAuthenticationDetails [RemoteIpAddress=87.236.176.16, SessionId=null], Granted Authorities=[ROLE_ANONYMOUS]]
26-05-18 14:12:54.435 [http-nio-8080-exec-4] [32mTRACE[0;39m o.s.s.w.a.AnonymousAuthenticationFilter [ |  | ] - Did not set SecurityContextHolder since already authenticated AnonymousAuthenticationToken [Principal=anonymousUser, Credentials=[PROTECTED], Authenticated=true, Details=WebAuthenticationDetails [RemoteIpAddress=87.236.176.16, SessionId=null], Granted Authorities=[ROLE_ANONYMOUS]]
26-05-18 14:12:54.436 [http-nio-8080-exec-4] [32mDEBUG[0;39m c.s.m.d.config.MDCLoggingInterceptor [ |  | ] - Request completed
26-05-18 14:30:19.428 [SpringApplicationShutdownHook] [32mINFO [0;39m o.s.b.w.e.tomcat.GracefulShutdown    [ |  | ] - Commencing graceful shutdown. Waiting for active requests to complete
26-05-18 14:30:19.506 [tomcat-shutdown] [32mINFO [0;39m o.s.b.w.e.tomcat.GracefulShutdown    [ |  | ] - Graceful shutdown complete
26-05-18 14:30:19.513 [SpringApplicationShutdownHook] [32mINFO [0;39m o.s.o.j.LocalContainerEntityManagerFactoryBean [ |  | ] - Closing JPA EntityManagerFactory for persistence unit 'default'
26-05-18 14:30:19.515 [SpringApplicationShutdownHook] [32mINFO [0;39m com.zaxxer.hikari.HikariDataSource   [ |  | ] - HikariPool-1 - Shutdown initiated...
26-05-18 14:30:19.519 [SpringApplicationShutdownHook] [32mINFO [0;39m com.zaxxer.hikari.HikariDataSource   [ |  | ] - HikariPool-1 - Shutdown completed.
